{"stats":{"minecraft:crafted":{"minecraft:oak_slab":12,"minecraft:oak_planks":116,"minecraft:wooden_shovel":1,"minecraft:barrel":2,"minecraft:crafting_table":3,"minecraft:wooden_pickaxe":1,"minecraft:furnace":3,"minecraft:cobblestone_stairs":40,"minecraft:stone_axe":1,"minecraft:oak_trapdoor":2,"minecraft:glass":7,"minecraft:ladder":20,"minecraft:spruce_slab":6,"minecraft:stick":68,"minecraft:oak_stairs":8,"minecraft:stone_pickaxe":5,"minecraft:wooden_axe":1,"minecraft:chest":4,"minecraft:white_bed":1,"minecraft:torch":12},"minecraft:dropped":{"minecraft:poisonous_potato":1},"minecraft:picked_up":{"minecraft:crafting_table":4,"minecraft:wheat":14,"minecraft:wooden_pickaxe":1,"minecraft:oak_stairs":18,"minecraft:potato":86,"minecraft:flint":2,"minecraft:oak_log":81,"minecraft:shield":1,"minecraft:oak_trapdoor":2,"minecraft:dirt":46,"minecraft:paper":4,"minecraft:raw_copper":94,"minecraft:leather_boots":1,"minecraft:apple":2,"minecraft:beetroot":14,"minecraft:wheat_seeds":42,"minecraft:spruce_planks":24,"minecraft:stone_pickaxe":1,"minecraft:spruce_slab":17,"minecraft:chest":3,"minecraft:oak_planks":33,"minecraft:oak_slab":1,"minecraft:stick":2,"minecraft:sandstone":45,"minecraft:oak_door":2,"minecraft:torch":4,"minecraft:spruce_stairs":1,"minecraft:poisonous_potato":1,"minecraft:gravel":13,"minecraft:sand":69,"minecraft:white_bed":2,"minecraft:diorite":70,"minecraft:carrot":105,"minecraft:stone_axe":1,"minecraft:beetroot_seeds":20,"minecraft:shears":1,"minecraft:granite":170,"minecraft:bread":10,"minecraft:baked_potato":5,"minecraft:oak_sapling":2,"minecraft:mutton":4,"minecraft:coal":18,"minecraft:oak_leaves":33,"minecraft:white_wool":2,"minecraft:cobblestone":355},"minecraft:used":{"minecraft:oak_trapdoor":4,"minecraft:diorite":35,"minecraft:cobblestone_stairs":17,"minecraft:spruce_slab":22,"minecraft:stone_pickaxe":655,"minecraft:ladder":13,"minecraft:oak_planks":12,"minecraft:chest":6,"minecraft:spruce_planks":18,"minecraft:wooden_pickaxe":59,"minecraft:sandstone":33,"minecraft:wooden_shovel":65,"minecraft:leather_boots":1,"minecraft:oak_leaves":26,"minecraft:torch":9,"minecraft:dirt":40,"minecraft:oak_slab":1,"minecraft:crafting_table":5,"minecraft:carrot":39,"minecraft:white_bed":3,"minecraft:shears":35,"minecraft:granite":110,"minecraft:glass":3,"minecraft:oak_log":23,"minecraft:wooden_axe":57,"minecraft:oak_stairs":17,"minecraft:barrel":2,"minecraft:stone_axe":81,"minecraft:cobblestone":114,"minecraft:furnace":3,"minecraft:beetroot_seeds":20,"minecraft:potato":34},"minecraft:killed":{"minecraft:sheep":1},"minecraft:broken":{"minecraft:stone_pickaxe":5,"minecraft:wooden_shovel":1,"minecraft:wooden_axe":1,"minecraft:wooden_pickaxe":1},"minecraft:mined":{"minecraft:oak_slab":1,"minecraft:spruce_planks":21,"minecraft:white_bed":2,"minecraft:torch":1,"minecraft:crafting_table":4,"minecraft:granite":170,"minecraft:grass_block":40,"minecraft:chest":2,"minecraft:tall_grass":2,"minecraft:copper_ore":27,"minecraft:cobblestone":40,"minecraft:oak_planks":21,"minecraft:diorite":70,"minecraft:sandstone":42,"minecraft:wall_torch":2,"minecraft:spruce_stairs":1,"minecraft:oak_trapdoor":2,"minecraft:carrots":27,"minecraft:wheat":9,"minecraft:grass":6,"minecraft:oak_log":58,"minecraft:potatoes":34,"minecraft:coal_ore":18,"minecraft:beetroots":9,"minecraft:oak_stairs":11,"minecraft:gravel":15,"minecraft:sand":70,"minecraft:dirt":5,"minecraft:stone":315,"minecraft:oak_leaves":40,"minecraft:spruce_slab":16},"minecraft:custom":{"minecraft:interact_with_furnace":3,"minecraft:mob_kills":1,"minecraft:interact_with_crafting_table":24,"minecraft:open_barrel":5,"minecraft:leave_game":6,"minecraft:time_since_death":74229,"minecraft:sleep_in_bed":4,"minecraft:climb_one_cm":8027,"minecraft:time_since_rest":8326,"minecraft:sprint_one_cm":156254,"minecraft:damage_taken":400,"minecraft:walk_one_cm":350315,"minecraft:drop":1,"minecraft:damage_dealt":80,"minecraft:swim_one_cm":10065,"minecraft:fly_one_cm":54983,"minecraft:open_chest":19,"minecraft:crouch_one_cm":2964,"minecraft:play_time":115056,"minecraft:deaths":1,"minecraft:sneak_time":998,"minecraft:walk_under_water_one_cm":37909,"minecraft:jump":436,"minecraft:walk_on_water_one_cm":48113,"minecraft:total_world_time":115056,"minecraft:fall_one_cm":7718,"minecraft:horse_one_cm":3096}},"DataVersion":3465}