{"stats":{"minecraft:crafted":{"minecraft:oak_planks":16,"minecraft:wooden_shovel":1,"minecraft:wooden_pickaxe":1,"minecraft:stone_axe":1,"minecraft:stick":8,"minecraft:wooden_axe":1,"minecraft:stone_pickaxe":1,"minecraft:oak_stairs":4},"minecraft:dropped":{"minecraft:poisonous_potato":1},"minecraft:picked_up":{"minecraft:crafting_table":2,"minecraft:wheat":7,"minecraft:potato":60,"minecraft:oak_stairs":7,"minecraft:oak_log":51,"minecraft:dirt":41,"minecraft:paper":2,"minecraft:beetroot":7,"minecraft:apple":1,"minecraft:wheat_seeds":21,"minecraft:spruce_planks":19,"minecraft:spruce_slab":10,"minecraft:chest":1,"minecraft:oak_planks":14,"minecraft:oak_slab":1,"minecraft:stick":2,"minecraft:sandstone":3,"minecraft:oak_door":1,"minecraft:poisonous_potato":1,"minecraft:sand":4,"minecraft:carrot":69,"minecraft:beetroot_seeds":20,"minecraft:bread":5,"minecraft:oak_sapling":1,"minecraft:mutton":2,"minecraft:white_wool":1,"minecraft:cobblestone":9},"minecraft:used":{"minecraft:spruce_slab":9,"minecraft:stone_pickaxe":5,"minecraft:oak_planks":1,"minecraft:spruce_planks":16,"minecraft:wooden_pickaxe":7,"minecraft:wooden_shovel":65,"minecraft:dirt":39,"minecraft:oak_slab":1,"minecraft:crafting_table":2,"minecraft:carrot":33,"minecraft:oak_log":23,"minecraft:wooden_axe":57,"minecraft:oak_stairs":4,"minecraft:stone_axe":51,"minecraft:beetroot_seeds":20,"minecraft:potato":34},"minecraft:killed":{"minecraft:sheep":1},"minecraft:broken":{"minecraft:wooden_shovel":1,"minecraft:wooden_axe":1},"minecraft:mined":{"minecraft:oak_slab":1,"minecraft:spruce_planks":19,"minecraft:crafting_table":2,"minecraft:grass_block":40,"minecraft:chest":1,"minecraft:tall_grass":1,"minecraft:oak_planks":14,"minecraft:sandstone":3,"minecraft:carrots":27,"minecraft:wheat":9,"minecraft:grass":5,"minecraft:potatoes":34,"minecraft:oak_log":52,"minecraft:beetroots":9,"minecraft:oak_stairs":7,"minecraft:sand":4,"minecraft:dirt":2,"minecraft:stone":9,"minecraft:oak_leaves":4,"minecraft:spruce_slab":10},"minecraft:custom":{"minecraft:mob_kills":1,"minecraft:interact_with_crafting_table":5,"minecraft:leave_game":2,"minecraft:time_since_death":40555,"minecraft:sleep_in_bed":2,"minecraft:time_since_rest":13223,"minecraft:sprint_one_cm":106407,"minecraft:damage_taken":220,"minecraft:walk_one_cm":96776,"minecraft:drop":1,"minecraft:damage_dealt":80,"minecraft:swim_one_cm":2866,"minecraft:fly_one_cm":40855,"minecraft:open_chest":2,"minecraft:crouch_one_cm":2106,"minecraft:play_time":40555,"minecraft:sneak_time":573,"minecraft:walk_under_water_one_cm":14880,"minecraft:jump":217,"minecraft:walk_on_water_one_cm":15625,"minecraft:total_world_time":40555,"minecraft:fall_one_cm":4782,"minecraft:horse_one_cm":3096}},"DataVersion":3465}