{"stats":{"minecraft:crafted":{"minecraft:oak_planks":88,"minecraft:wooden_shovel":1,"minecraft:crafting_table":1,"minecraft:wooden_pickaxe":1,"minecraft:furnace":3,"minecraft:stone_axe":1,"minecraft:oak_trapdoor":2,"minecraft:ladder":20,"minecraft:spruce_slab":6,"minecraft:stick":68,"minecraft:oak_stairs":8,"minecraft:stone_pickaxe":5,"minecraft:wooden_axe":1,"minecraft:chest":3,"minecraft:white_bed":1,"minecraft:torch":12},"minecraft:dropped":{"minecraft:poisonous_potato":1},"minecraft:picked_up":{"minecraft:crafting_table":4,"minecraft:wheat":14,"minecraft:wooden_pickaxe":1,"minecraft:oak_stairs":18,"minecraft:potato":86,"minecraft:oak_log":81,"minecraft:shield":1,"minecraft:oak_trapdoor":2,"minecraft:dirt":46,"minecraft:paper":4,"minecraft:raw_copper":94,"minecraft:leather_boots":1,"minecraft:apple":2,"minecraft:beetroot":14,"minecraft:wheat_seeds":42,"minecraft:spruce_planks":24,"minecraft:stone_pickaxe":1,"minecraft:spruce_slab":17,"minecraft:chest":3,"minecraft:oak_planks":33,"minecraft:oak_slab":1,"minecraft:stick":2,"minecraft:sandstone":41,"minecraft:oak_door":2,"minecraft:torch":4,"minecraft:spruce_stairs":1,"minecraft:poisonous_potato":1,"minecraft:sand":64,"minecraft:white_bed":2,"minecraft:diorite":60,"minecraft:carrot":105,"minecraft:stone_axe":1,"minecraft:beetroot_seeds":20,"minecraft:shears":1,"minecraft:granite":162,"minecraft:bread":10,"minecraft:baked_potato":5,"minecraft:oak_sapling":2,"minecraft:mutton":4,"minecraft:coal":18,"minecraft:oak_leaves":33,"minecraft:white_wool":2,"minecraft:cobblestone":317},"minecraft:used":{"minecraft:oak_trapdoor":4,"minecraft:diorite":35,"minecraft:spruce_slab":22,"minecraft:stone_pickaxe":581,"minecraft:ladder":13,"minecraft:oak_planks":12,"minecraft:chest":5,"minecraft:spruce_planks":18,"minecraft:wooden_pickaxe":59,"minecraft:sandstone":30,"minecraft:wooden_shovel":65,"minecraft:leather_boots":1,"minecraft:oak_leaves":26,"minecraft:torch":9,"minecraft:dirt":40,"minecraft:oak_slab":1,"minecraft:crafting_table":5,"minecraft:carrot":37,"minecraft:white_bed":3,"minecraft:shears":35,"minecraft:granite":110,"minecraft:oak_log":23,"minecraft:wooden_axe":57,"minecraft:oak_stairs":17,"minecraft:stone_axe":81,"minecraft:cobblestone":101,"minecraft:furnace":3,"minecraft:beetroot_seeds":20,"minecraft:potato":34},"minecraft:killed":{"minecraft:sheep":1},"minecraft:broken":{"minecraft:stone_pickaxe":4,"minecraft:wooden_shovel":1,"minecraft:wooden_axe":1,"minecraft:wooden_pickaxe":1},"minecraft:mined":{"minecraft:oak_slab":1,"minecraft:spruce_planks":21,"minecraft:white_bed":2,"minecraft:torch":1,"minecraft:crafting_table":4,"minecraft:granite":163,"minecraft:grass_block":40,"minecraft:chest":2,"minecraft:tall_grass":2,"minecraft:copper_ore":27,"minecraft:cobblestone":34,"minecraft:oak_planks":21,"minecraft:diorite":60,"minecraft:sandstone":38,"minecraft:wall_torch":2,"minecraft:spruce_stairs":1,"minecraft:oak_trapdoor":2,"minecraft:carrots":27,"minecraft:wheat":9,"minecraft:grass":6,"minecraft:oak_log":58,"minecraft:potatoes":34,"minecraft:coal_ore":18,"minecraft:beetroots":9,"minecraft:oak_stairs":11,"minecraft:sand":65,"minecraft:dirt":5,"minecraft:stone":283,"minecraft:oak_leaves":40,"minecraft:spruce_slab":16},"minecraft:custom":{"minecraft:interact_with_furnace":1,"minecraft:mob_kills":1,"minecraft:interact_with_crafting_table":21,"minecraft:leave_game":5,"minecraft:time_since_death":62297,"minecraft:sleep_in_bed":3,"minecraft:climb_one_cm":4842,"minecraft:time_since_rest":9473,"minecraft:sprint_one_cm":152386,"minecraft:damage_taken":370,"minecraft:walk_one_cm":327378,"minecraft:drop":1,"minecraft:damage_dealt":80,"minecraft:swim_one_cm":10065,"minecraft:fly_one_cm":54620,"minecraft:open_chest":11,"minecraft:crouch_one_cm":2942,"minecraft:play_time":103124,"minecraft:deaths":1,"minecraft:sneak_time":952,"minecraft:walk_under_water_one_cm":35578,"minecraft:jump":381,"minecraft:walk_on_water_one_cm":47936,"minecraft:total_world_time":103124,"minecraft:fall_one_cm":6729,"minecraft:horse_one_cm":3096}},"DataVersion":3465}