{"stats":{"minecraft:crafted":{"minecraft:oak_planks":136,"minecraft:barrel":2,"minecraft:furnace":3,"minecraft:stone":32,"minecraft:cobblestone_stairs":72,"minecraft:jack_o_lantern":1,"minecraft:oak_trapdoor":2,"minecraft:glass":60,"minecraft:ladder":20,"minecraft:spruce_slab":6,"minecraft:stone_pickaxe":8,"minecraft:chest":4,"minecraft:oak_fence":3,"minecraft:oak_slab":12,"minecraft:wooden_shovel":1,"minecraft:crafting_table":4,"minecraft:wooden_pickaxe":1,"minecraft:bucket":1,"minecraft:stone_axe":1,"minecraft:stick":80,"minecraft:iron_ingot":7,"minecraft:iron_pickaxe":1,"minecraft:oak_stairs":8,"minecraft:wooden_axe":1,"minecraft:white_bed":1,"minecraft:torch":20},"minecraft:killed_by":{"minecraft:creeper":1,"minecraft:skeleton":1,"minecraft:zombie":1},"minecraft:dropped":{"minecraft:poisonous_potato":1},"minecraft:picked_up":{"minecraft:crafting_table":5,"minecraft:wheat":14,"minecraft:ladder":1,"minecraft:wooden_pickaxe":1,"minecraft:oak_stairs":18,"minecraft:shield":3,"minecraft:oak_trapdoor":2,"minecraft:raw_copper":148,"minecraft:beetroot":14,"minecraft:cobbled_deepslate":92,"minecraft:spruce_planks":24,"minecraft:spruce_slab":20,"minecraft:chest":3,"minecraft:stick":2,"minecraft:raw_iron":38,"minecraft:sandstone":54,"minecraft:oak_door":2,"minecraft:torch":8,"minecraft:spruce_stairs":1,"minecraft:diorite":109,"minecraft:carrot":133,"minecraft:beetroot_seeds":20,"minecraft:shears":3,"minecraft:carved_pumpkin":1,"minecraft:mutton":4,"minecraft:white_wool":2,"minecraft:cobblestone":531,"minecraft:andesite":8,"minecraft:potato":86,"minecraft:flint":2,"minecraft:oak_log":100,"minecraft:gunpowder":1,"minecraft:cobblestone_stairs":35,"minecraft:paper":4,"minecraft:dirt":53,"minecraft:leather_boots":3,"minecraft:bone":2,"minecraft:apple":2,"minecraft:wheat_seeds":42,"minecraft:raw_gold":1,"minecraft:stone_pickaxe":3,"minecraft:oak_planks":36,"minecraft:oak_slab":1,"minecraft:pumpkin":1,"minecraft:poisonous_potato":1,"minecraft:gravel":20,"minecraft:sand":74,"minecraft:white_bed":3,"minecraft:pumpkin_seeds":4,"minecraft:stone_axe":3,"minecraft:granite":180,"minecraft:bread":10,"minecraft:baked_potato":10,"minecraft:oak_sapling":5,"minecraft:coal":24,"minecraft:oak_leaves":107},"minecraft:used":{"minecraft:oak_trapdoor":4,"minecraft:oak_fence":2,"minecraft:jack_o_lantern":1,"minecraft:spruce_slab":25,"minecraft:ladder":20,"minecraft:spruce_planks":18,"minecraft:chest":6,"minecraft:shield":1,"minecraft:wooden_shovel":65,"minecraft:torch":25,"minecraft:dirt":40,"minecraft:carrot":53,"minecraft:granite":110,"minecraft:glass":22,"minecraft:wooden_axe":57,"minecraft:oak_stairs":17,"minecraft:barrel":2,"minecraft:furnace":3,"minecraft:beetroot_seeds":20,"minecraft:potato":34,"minecraft:cobbled_deepslate":6,"minecraft:pumpkin":1,"minecraft:water_bucket":1,"minecraft:diorite":35,"minecraft:cobblestone_stairs":90,"minecraft:stone_pickaxe":970,"minecraft:oak_planks":12,"minecraft:wooden_pickaxe":59,"minecraft:sandstone":33,"minecraft:leather_boots":2,"minecraft:oak_leaves":35,"minecraft:oak_slab":4,"minecraft:crafting_table":7,"minecraft:white_bed":4,"minecraft:shears":126,"minecraft:oak_log":23,"minecraft:iron_pickaxe":18,"minecraft:stone_axe":101,"minecraft:cobblestone":138,"minecraft:bucket":1},"minecraft:killed":{"minecraft:sheep":1},"minecraft:broken":{"minecraft:wooden_shovel":1,"minecraft:wooden_pickaxe":1,"minecraft:stone_pickaxe":7,"minecraft:wooden_axe":1},"minecraft:mined":{"minecraft:spruce_planks":21,"minecraft:white_bed":3,"minecraft:cobblestone_stairs":24,"minecraft:carved_pumpkin":1,"minecraft:granite":177,"minecraft:grass_block":40,"minecraft:sandstone":51,"minecraft:oak_trapdoor":2,"minecraft:carrots":27,"minecraft:iron_ore":6,"minecraft:andesite":8,"minecraft:pumpkin":1,"minecraft:potatoes":34,"minecraft:deepslate_iron_ore":16,"minecraft:oak_stairs":11,"minecraft:stone":432,"minecraft:spruce_slab":19,"minecraft:oak_slab":1,"minecraft:torch":1,"minecraft:crafting_table":5,"minecraft:chest":2,"minecraft:glass":1,"minecraft:tall_grass":2,"minecraft:copper_ore":27,"minecraft:cobblestone":41,"minecraft:deepslate_gold_ore":1,"minecraft:oak_planks":21,"minecraft:diorite":111,"minecraft:wall_torch":4,"minecraft:deepslate_copper_ore":5,"minecraft:spruce_stairs":1,"minecraft:wheat":9,"minecraft:grass":6,"minecraft:coal_ore":18,"minecraft:oak_log":71,"minecraft:beetroots":9,"minecraft:gravel":22,"minecraft:sand":76,"minecraft:dirt":12,"minecraft:oak_leaves":135,"minecraft:deepslate":85},"minecraft:custom":{"minecraft:mob_kills":1,"minecraft:interact_with_crafting_table":33,"minecraft:open_barrel":7,"minecraft:leave_game":10,"minecraft:time_since_death":28018,"minecraft:climb_one_cm":19081,"minecraft:sprint_one_cm":218570,"minecraft:walk_one_cm":523435,"minecraft:damage_blocked_by_shield":45,"minecraft:drop":1,"minecraft:play_time":169391,"minecraft:deaths":4,"minecraft:sneak_time":1055,"minecraft:walk_under_water_one_cm":46628,"minecraft:jump":926,"minecraft:walk_on_water_one_cm":49958,"minecraft:total_world_time":169391,"minecraft:interact_with_furnace":7,"minecraft:sleep_in_bed":5,"minecraft:time_since_rest":10523,"minecraft:damage_taken":1675,"minecraft:damage_dealt":139,"minecraft:swim_one_cm":10065,"minecraft:fly_one_cm":79747,"minecraft:open_chest":42,"minecraft:crouch_one_cm":3013,"minecraft:fall_one_cm":22263,"minecraft:horse_one_cm":3096}},"DataVersion":3465}