{"stats":{"minecraft:crafted":{"minecraft:oak_planks":52,"minecraft:wooden_shovel":1,"minecraft:crafting_table":1,"minecraft:wooden_pickaxe":1,"minecraft:furnace":3,"minecraft:stone_axe":1,"minecraft:spruce_slab":6,"minecraft:stick":16,"minecraft:oak_stairs":8,"minecraft:stone_pickaxe":4,"minecraft:wooden_axe":1,"minecraft:chest":3},"minecraft:dropped":{"minecraft:poisonous_potato":1},"minecraft:picked_up":{"minecraft:crafting_table":4,"minecraft:wheat":14,"minecraft:wooden_pickaxe":1,"minecraft:oak_stairs":16,"minecraft:potato":86,"minecraft:oak_log":76,"minecraft:shield":1,"minecraft:dirt":43,"minecraft:paper":4,"minecraft:raw_copper":94,"minecraft:leather_boots":1,"minecraft:apple":2,"minecraft:beetroot":14,"minecraft:wheat_seeds":42,"minecraft:spruce_planks":23,"minecraft:stone_pickaxe":1,"minecraft:spruce_slab":11,"minecraft:chest":2,"minecraft:oak_planks":33,"minecraft:oak_slab":1,"minecraft:stick":2,"minecraft:sandstone":36,"minecraft:oak_door":2,"minecraft:poisonous_potato":1,"minecraft:sand":52,"minecraft:diorite":58,"minecraft:carrot":105,"minecraft:beetroot_seeds":20,"minecraft:stone_axe":1,"minecraft:granite":160,"minecraft:bread":10,"minecraft:oak_sapling":2,"minecraft:mutton":4,"minecraft:coal":18,"minecraft:white_wool":2,"minecraft:cobblestone":187},"minecraft:used":{"minecraft:diorite":21,"minecraft:spruce_slab":16,"minecraft:stone_pickaxe":438,"minecraft:oak_planks":12,"minecraft:chest":4,"minecraft:spruce_planks":17,"minecraft:wooden_pickaxe":59,"minecraft:sandstone":13,"minecraft:wooden_shovel":65,"minecraft:leather_boots":1,"minecraft:dirt":39,"minecraft:oak_slab":1,"minecraft:crafting_table":5,"minecraft:carrot":36,"minecraft:granite":105,"minecraft:oak_log":23,"minecraft:wooden_axe":57,"minecraft:oak_stairs":11,"minecraft:stone_axe":64,"minecraft:cobblestone":65,"minecraft:furnace":3,"minecraft:beetroot_seeds":20,"minecraft:potato":34},"minecraft:killed":{"minecraft:sheep":1},"minecraft:broken":{"minecraft:stone_pickaxe":3,"minecraft:wooden_shovel":1,"minecraft:wooden_axe":1,"minecraft:wooden_pickaxe":1},"minecraft:mined":{"minecraft:oak_slab":1,"minecraft:spruce_planks":20,"minecraft:crafting_table":4,"minecraft:granite":160,"minecraft:grass_block":40,"minecraft:chest":1,"minecraft:tall_grass":2,"minecraft:copper_ore":27,"minecraft:cobblestone":9,"minecraft:oak_planks":21,"minecraft:diorite":58,"minecraft:sandstone":33,"minecraft:carrots":27,"minecraft:wheat":9,"minecraft:grass":5,"minecraft:oak_log":53,"minecraft:potatoes":34,"minecraft:coal_ore":18,"minecraft:beetroots":9,"minecraft:oak_stairs":9,"minecraft:sand":55,"minecraft:dirt":2,"minecraft:stone":177,"minecraft:oak_leaves":4,"minecraft:spruce_slab":10},"minecraft:custom":{"minecraft:mob_kills":1,"minecraft:interact_with_crafting_table":17,"minecraft:leave_game":4,"minecraft:time_since_death":38479,"minecraft:sleep_in_bed":2,"minecraft:time_since_rest":38533,"minecraft:sprint_one_cm":128934,"minecraft:damage_taken":370,"minecraft:walk_one_cm":223599,"minecraft:drop":1,"minecraft:damage_dealt":80,"minecraft:swim_one_cm":10065,"minecraft:fly_one_cm":51122,"minecraft:open_chest":6,"minecraft:crouch_one_cm":2478,"minecraft:play_time":79306,"minecraft:deaths":1,"minecraft:sneak_time":855,"minecraft:walk_under_water_one_cm":28943,"minecraft:jump":328,"minecraft:walk_on_water_one_cm":40376,"minecraft:total_world_time":79306,"minecraft:fall_one_cm":6520,"minecraft:horse_one_cm":3096}},"DataVersion":3465}