{"stats":{"minecraft:crafted":{"minecraft:oak_planks":16,"minecraft:wooden_shovel":1,"minecraft:stick":4,"minecraft:wooden_pickaxe":1,"minecraft:wooden_axe":1},"minecraft:dropped":{"minecraft:poisonous_potato":1},"minecraft:picked_up":{"minecraft:stick":2,"minecraft:crafting_table":2,"minecraft:wheat":7,"minecraft:poisonous_potato":1,"minecraft:potato":60,"minecraft:oak_log":29,"minecraft:carrot":69,"minecraft:dirt":3,"minecraft:apple":1,"minecraft:beetroot":7,"minecraft:beetroot_seeds":20,"minecraft:wheat_seeds":21,"minecraft:spruce_slab":1,"minecraft:oak_sapling":1,"minecraft:mutton":2,"minecraft:white_wool":1},"minecraft:used":{"minecraft:wooden_axe":33,"minecraft:wooden_shovel":1,"minecraft:crafting_table":1,"minecraft:beetroot_seeds":20,"minecraft:carrot":31,"minecraft:potato":34},"minecraft:killed":{"minecraft:sheep":1},"minecraft:mined":{"minecraft:carrots":27,"minecraft:wheat":9,"minecraft:crafting_table":2,"minecraft:grass_block":3,"minecraft:potatoes":34,"minecraft:oak_log":30,"minecraft:beetroots":9,"minecraft:tall_grass":1,"minecraft:spruce_slab":1,"minecraft:oak_leaves":4},"minecraft:custom":{"minecraft:time_since_rest":469,"minecraft:sprint_one_cm":59614,"minecraft:damage_taken":60,"minecraft:walk_one_cm":47769,"minecraft:mob_kills":1,"minecraft:drop":1,"minecraft:damage_dealt":80,"minecraft:swim_one_cm":1877,"minecraft:interact_with_crafting_table":2,"minecraft:fly_one_cm":18758,"minecraft:open_chest":1,"minecraft:crouch_one_cm":576,"minecraft:play_time":14173,"minecraft:sneak_time":64,"minecraft:walk_under_water_one_cm":89,"minecraft:jump":99,"minecraft:leave_game":1,"minecraft:walk_on_water_one_cm":1069,"minecraft:time_since_death":14173,"minecraft:sleep_in_bed":1,"minecraft:total_world_time":14173,"minecraft:fall_one_cm":1788,"minecraft:horse_one_cm":3096}},"DataVersion":3465}