{"stats":{"minecraft:crafted":{"minecraft:oak_slab":12,"minecraft:oak_planks":136,"minecraft:wooden_shovel":1,"minecraft:barrel":2,"minecraft:crafting_table":4,"minecraft:wooden_pickaxe":1,"minecraft:furnace":3,"minecraft:cobblestone_stairs":72,"minecraft:stone":32,"minecraft:bucket":1,"minecraft:stone_axe":1,"minecraft:oak_trapdoor":2,"minecraft:glass":60,"minecraft:spruce_slab":6,"minecraft:ladder":20,"minecraft:stick":80,"minecraft:iron_ingot":7,"minecraft:iron_pickaxe":1,"minecraft:wooden_axe":1,"minecraft:stone_pickaxe":8,"minecraft:oak_stairs":8,"minecraft:chest":4,"minecraft:white_bed":1,"minecraft:torch":20},"minecraft:killed_by":{"minecraft:skeleton":1,"minecraft:creeper":1,"minecraft:zombie":1},"minecraft:dropped":{"minecraft:poisonous_potato":1},"minecraft:picked_up":{"minecraft:crafting_table":5,"minecraft:wheat":14,"minecraft:ladder":1,"minecraft:andesite":8,"minecraft:wooden_pickaxe":1,"minecraft:oak_stairs":18,"minecraft:potato":86,"minecraft:flint":2,"minecraft:oak_log":87,"minecraft:shield":3,"minecraft:gunpowder":1,"minecraft:cobblestone_stairs":35,"minecraft:oak_trapdoor":2,"minecraft:dirt":53,"minecraft:paper":4,"minecraft:raw_copper":148,"minecraft:leather_boots":3,"minecraft:bone":2,"minecraft:apple":2,"minecraft:beetroot":14,"minecraft:wheat_seeds":42,"minecraft:cobbled_deepslate":92,"minecraft:raw_gold":1,"minecraft:spruce_planks":24,"minecraft:stone_pickaxe":3,"minecraft:spruce_slab":20,"minecraft:chest":3,"minecraft:oak_planks":36,"minecraft:oak_slab":1,"minecraft:stick":2,"minecraft:raw_iron":38,"minecraft:sandstone":54,"minecraft:oak_door":2,"minecraft:torch":6,"minecraft:spruce_stairs":1,"minecraft:poisonous_potato":1,"minecraft:gravel":20,"minecraft:sand":74,"minecraft:diorite":108,"minecraft:white_bed":3,"minecraft:carrot":133,"minecraft:stone_axe":3,"minecraft:beetroot_seeds":20,"minecraft:shears":3,"minecraft:granite":176,"minecraft:bread":10,"minecraft:baked_potato":10,"minecraft:oak_sapling":2,"minecraft:mutton":4,"minecraft:coal":24,"minecraft:oak_leaves":47,"minecraft:white_wool":2,"minecraft:cobblestone":531},"minecraft:used":{"minecraft:oak_trapdoor":4,"minecraft:water_bucket":1,"minecraft:diorite":35,"minecraft:cobblestone_stairs":90,"minecraft:spruce_slab":22,"minecraft:stone_pickaxe":965,"minecraft:ladder":20,"minecraft:oak_planks":12,"minecraft:chest":6,"minecraft:spruce_planks":18,"minecraft:wooden_pickaxe":59,"minecraft:shield":1,"minecraft:sandstone":33,"minecraft:wooden_shovel":65,"minecraft:leather_boots":2,"minecraft:oak_leaves":31,"minecraft:torch":23,"minecraft:dirt":40,"minecraft:oak_slab":1,"minecraft:crafting_table":7,"minecraft:carrot":50,"minecraft:white_bed":3,"minecraft:granite":110,"minecraft:shears":35,"minecraft:glass":22,"minecraft:oak_log":23,"minecraft:wooden_axe":57,"minecraft:oak_stairs":17,"minecraft:iron_pickaxe":18,"minecraft:barrel":2,"minecraft:stone_axe":84,"minecraft:cobblestone":138,"minecraft:furnace":3,"minecraft:beetroot_seeds":20,"minecraft:bucket":1,"minecraft:potato":34,"minecraft:cobbled_deepslate":6},"minecraft:killed":{"minecraft:sheep":1},"minecraft:broken":{"minecraft:stone_pickaxe":7,"minecraft:wooden_shovel":1,"minecraft:wooden_axe":1,"minecraft:wooden_pickaxe":1},"minecraft:mined":{"minecraft:oak_slab":1,"minecraft:spruce_planks":21,"minecraft:white_bed":3,"minecraft:cobblestone_stairs":24,"minecraft:crafting_table":5,"minecraft:torch":1,"minecraft:granite":173,"minecraft:grass_block":40,"minecraft:chest":2,"minecraft:glass":1,"minecraft:copper_ore":27,"minecraft:tall_grass":2,"minecraft:cobblestone":41,"minecraft:deepslate_gold_ore":1,"minecraft:oak_planks":21,"minecraft:sandstone":51,"minecraft:diorite":110,"minecraft:wall_torch":2,"minecraft:deepslate_copper_ore":5,"minecraft:spruce_stairs":1,"minecraft:oak_trapdoor":2,"minecraft:carrots":27,"minecraft:iron_ore":6,"minecraft:wheat":9,"minecraft:andesite":8,"minecraft:grass":6,"minecraft:potatoes":34,"minecraft:oak_log":58,"minecraft:coal_ore":18,"minecraft:beetroots":9,"minecraft:deepslate_iron_ore":16,"minecraft:oak_stairs":11,"minecraft:gravel":22,"minecraft:sand":76,"minecraft:dirt":12,"minecraft:stone":432,"minecraft:oak_leaves":41,"minecraft:spruce_slab":19,"minecraft:deepslate":85},"minecraft:custom":{"minecraft:interact_with_furnace":7,"minecraft:mob_kills":1,"minecraft:interact_with_crafting_table":31,"minecraft:open_barrel":5,"minecraft:leave_game":9,"minecraft:time_since_death":18608,"minecraft:sleep_in_bed":5,"minecraft:climb_one_cm":15641,"minecraft:time_since_rest":1113,"minecraft:sprint_one_cm":197695,"minecraft:damage_taken":1675,"minecraft:walk_one_cm":490745,"minecraft:damage_blocked_by_shield":45,"minecraft:drop":1,"minecraft:damage_dealt":139,"minecraft:swim_one_cm":10065,"minecraft:fly_one_cm":72381,"minecraft:open_chest":32,"minecraft:crouch_one_cm":3013,"minecraft:play_time":159981,"minecraft:sneak_time":1055,"minecraft:deaths":4,"minecraft:walk_under_water_one_cm":46628,"minecraft:jump":868,"minecraft:walk_on_water_one_cm":49714,"minecraft:total_world_time":159981,"minecraft:fall_one_cm":21576,"minecraft:horse_one_cm":3096}},"DataVersion":3465}