{"stats":{"minecraft:crafted":{"minecraft:oak_planks":16,"minecraft:wooden_shovel":1,"minecraft:wooden_pickaxe":1,"minecraft:stone_axe":1,"minecraft:spruce_slab":6,"minecraft:stick":12,"minecraft:oak_stairs":8,"minecraft:stone_pickaxe":2,"minecraft:wooden_axe":1},"minecraft:dropped":{"minecraft:poisonous_potato":1},"minecraft:picked_up":{"minecraft:crafting_table":3,"minecraft:wheat":14,"minecraft:wooden_pickaxe":1,"minecraft:oak_stairs":16,"minecraft:potato":86,"minecraft:oak_log":76,"minecraft:shield":1,"minecraft:dirt":43,"minecraft:paper":4,"minecraft:raw_copper":32,"minecraft:leather_boots":1,"minecraft:apple":2,"minecraft:beetroot":14,"minecraft:wheat_seeds":42,"minecraft:spruce_planks":23,"minecraft:stone_pickaxe":1,"minecraft:spruce_slab":11,"minecraft:chest":2,"minecraft:oak_planks":33,"minecraft:oak_slab":1,"minecraft:stick":2,"minecraft:sandstone":19,"minecraft:oak_door":2,"minecraft:poisonous_potato":1,"minecraft:sand":20,"minecraft:diorite":28,"minecraft:carrot":105,"minecraft:beetroot_seeds":20,"minecraft:stone_axe":1,"minecraft:granite":136,"minecraft:bread":10,"minecraft:oak_sapling":2,"minecraft:mutton":4,"minecraft:white_wool":2,"minecraft:cobblestone":112},"minecraft:used":{"minecraft:diorite":2,"minecraft:spruce_slab":16,"minecraft:stone_pickaxe":246,"minecraft:oak_planks":12,"minecraft:spruce_planks":17,"minecraft:wooden_pickaxe":59,"minecraft:wooden_shovel":65,"minecraft:leather_boots":1,"minecraft:dirt":39,"minecraft:oak_slab":1,"minecraft:crafting_table":3,"minecraft:carrot":33,"minecraft:granite":17,"minecraft:oak_log":23,"minecraft:wooden_axe":57,"minecraft:oak_stairs":11,"minecraft:stone_axe":63,"minecraft:cobblestone":21,"minecraft:beetroot_seeds":20,"minecraft:potato":34},"minecraft:killed":{"minecraft:sheep":1},"minecraft:broken":{"minecraft:stone_pickaxe":1,"minecraft:wooden_shovel":1,"minecraft:wooden_axe":1,"minecraft:wooden_pickaxe":1},"minecraft:mined":{"minecraft:oak_slab":1,"minecraft:spruce_planks":20,"minecraft:crafting_table":3,"minecraft:granite":136,"minecraft:grass_block":40,"minecraft:chest":1,"minecraft:cobblestone":7,"minecraft:tall_grass":2,"minecraft:copper_ore":7,"minecraft:oak_planks":21,"minecraft:diorite":28,"minecraft:sandstone":16,"minecraft:carrots":27,"minecraft:wheat":9,"minecraft:grass":5,"minecraft:potatoes":34,"minecraft:oak_log":53,"minecraft:beetroots":9,"minecraft:oak_stairs":9,"minecraft:sand":18,"minecraft:dirt":2,"minecraft:stone":104,"minecraft:oak_leaves":4,"minecraft:spruce_slab":10},"minecraft:custom":{"minecraft:mob_kills":1,"minecraft:interact_with_crafting_table":12,"minecraft:leave_game":3,"minecraft:time_since_death":20938,"minecraft:sleep_in_bed":2,"minecraft:time_since_rest":20992,"minecraft:sprint_one_cm":118688,"minecraft:damage_taken":300,"minecraft:walk_one_cm":164611,"minecraft:drop":1,"minecraft:damage_dealt":80,"minecraft:swim_one_cm":10065,"minecraft:fly_one_cm":46377,"minecraft:open_chest":2,"minecraft:crouch_one_cm":2478,"minecraft:play_time":61765,"minecraft:deaths":1,"minecraft:sneak_time":855,"minecraft:walk_under_water_one_cm":28910,"minecraft:jump":258,"minecraft:walk_on_water_one_cm":34415,"minecraft:total_world_time":61765,"minecraft:fall_one_cm":6311,"minecraft:horse_one_cm":3096}},"DataVersion":3465}