{"stats":{"minecraft:crafted":{"minecraft:oak_slab":12,"minecraft:oak_planks":124,"minecraft:wooden_shovel":1,"minecraft:barrel":2,"minecraft:crafting_table":4,"minecraft:wooden_pickaxe":1,"minecraft:furnace":3,"minecraft:cobblestone_stairs":72,"minecraft:stone":32,"minecraft:stone_axe":1,"minecraft:oak_trapdoor":2,"minecraft:glass":60,"minecraft:spruce_slab":6,"minecraft:ladder":20,"minecraft:stick":76,"minecraft:wooden_axe":1,"minecraft:stone_pickaxe":8,"minecraft:oak_stairs":8,"minecraft:chest":4,"minecraft:white_bed":1,"minecraft:torch":20},"minecraft:killed_by":{"minecraft:skeleton":1,"minecraft:creeper":1,"minecraft:zombie":1},"minecraft:dropped":{"minecraft:poisonous_potato":1},"minecraft:picked_up":{"minecraft:crafting_table":5,"minecraft:wheat":14,"minecraft:ladder":1,"minecraft:andesite":8,"minecraft:wooden_pickaxe":1,"minecraft:oak_stairs":18,"minecraft:potato":86,"minecraft:flint":2,"minecraft:oak_log":87,"minecraft:shield":3,"minecraft:gunpowder":1,"minecraft:cobblestone_stairs":35,"minecraft:oak_trapdoor":2,"minecraft:dirt":53,"minecraft:paper":4,"minecraft:raw_copper":148,"minecraft:leather_boots":3,"minecraft:bone":2,"minecraft:apple":2,"minecraft:beetroot":14,"minecraft:wheat_seeds":42,"minecraft:cobbled_deepslate":86,"minecraft:spruce_planks":24,"minecraft:stone_pickaxe":3,"minecraft:spruce_slab":17,"minecraft:chest":3,"minecraft:oak_planks":36,"minecraft:oak_slab":1,"minecraft:stick":2,"minecraft:raw_iron":30,"minecraft:sandstone":45,"minecraft:oak_door":2,"minecraft:torch":4,"minecraft:spruce_stairs":1,"minecraft:poisonous_potato":1,"minecraft:gravel":20,"minecraft:sand":69,"minecraft:diorite":105,"minecraft:white_bed":2,"minecraft:carrot":133,"minecraft:stone_axe":3,"minecraft:beetroot_seeds":20,"minecraft:shears":3,"minecraft:granite":176,"minecraft:bread":10,"minecraft:baked_potato":10,"minecraft:oak_sapling":2,"minecraft:mutton":4,"minecraft:coal":24,"minecraft:oak_leaves":47,"minecraft:white_wool":2,"minecraft:cobblestone":528},"minecraft:used":{"minecraft:oak_trapdoor":4,"minecraft:diorite":35,"minecraft:cobblestone_stairs":90,"minecraft:spruce_slab":22,"minecraft:stone_pickaxe":939,"minecraft:ladder":20,"minecraft:oak_planks":12,"minecraft:chest":6,"minecraft:spruce_planks":18,"minecraft:wooden_pickaxe":59,"minecraft:shield":1,"minecraft:sandstone":33,"minecraft:wooden_shovel":65,"minecraft:leather_boots":2,"minecraft:oak_leaves":28,"minecraft:torch":16,"minecraft:dirt":40,"minecraft:oak_slab":1,"minecraft:crafting_table":7,"minecraft:carrot":43,"minecraft:white_bed":3,"minecraft:granite":110,"minecraft:shears":35,"minecraft:glass":3,"minecraft:oak_log":23,"minecraft:wooden_axe":57,"minecraft:oak_stairs":17,"minecraft:barrel":2,"minecraft:stone_axe":84,"minecraft:cobblestone":138,"minecraft:furnace":3,"minecraft:beetroot_seeds":20,"minecraft:potato":34,"minecraft:cobbled_deepslate":4},"minecraft:killed":{"minecraft:sheep":1},"minecraft:broken":{"minecraft:stone_pickaxe":7,"minecraft:wooden_shovel":1,"minecraft:wooden_axe":1,"minecraft:wooden_pickaxe":1},"minecraft:mined":{"minecraft:oak_slab":1,"minecraft:spruce_planks":21,"minecraft:white_bed":2,"minecraft:cobblestone_stairs":24,"minecraft:crafting_table":5,"minecraft:torch":1,"minecraft:granite":173,"minecraft:grass_block":40,"minecraft:chest":2,"minecraft:copper_ore":27,"minecraft:tall_grass":2,"minecraft:cobblestone":41,"minecraft:oak_planks":21,"minecraft:sandstone":42,"minecraft:diorite":105,"minecraft:wall_torch":2,"minecraft:deepslate_copper_ore":5,"minecraft:spruce_stairs":1,"minecraft:oak_trapdoor":2,"minecraft:carrots":27,"minecraft:iron_ore":6,"minecraft:wheat":9,"minecraft:andesite":8,"minecraft:grass":6,"minecraft:potatoes":34,"minecraft:oak_log":58,"minecraft:coal_ore":18,"minecraft:beetroots":9,"minecraft:deepslate_iron_ore":8,"minecraft:oak_stairs":11,"minecraft:gravel":22,"minecraft:sand":70,"minecraft:dirt":12,"minecraft:stone":429,"minecraft:oak_leaves":40,"minecraft:spruce_slab":16,"minecraft:deepslate":78},"minecraft:custom":{"minecraft:interact_with_furnace":6,"minecraft:mob_kills":1,"minecraft:interact_with_crafting_table":30,"minecraft:open_barrel":5,"minecraft:leave_game":9,"minecraft:time_since_death":6608,"minecraft:sleep_in_bed":4,"minecraft:climb_one_cm":8857,"minecraft:time_since_rest":6657,"minecraft:sprint_one_cm":184809,"minecraft:damage_taken":1295,"minecraft:walk_one_cm":453161,"minecraft:damage_blocked_by_shield":45,"minecraft:drop":1,"minecraft:damage_dealt":139,"minecraft:swim_one_cm":10065,"minecraft:fly_one_cm":70690,"minecraft:open_chest":29,"minecraft:crouch_one_cm":3013,"minecraft:play_time":147981,"minecraft:sneak_time":1002,"minecraft:deaths":4,"minecraft:walk_under_water_one_cm":37909,"minecraft:jump":792,"minecraft:walk_on_water_one_cm":48113,"minecraft:total_world_time":147981,"minecraft:fall_one_cm":19113,"minecraft:horse_one_cm":3096}},"DataVersion":3465}