{"stats":{"minecraft:crafted":{"minecraft:oak_planks":8,"minecraft:stick":4,"minecraft:wooden_pickaxe":1,"minecraft:wooden_axe":1},"minecraft:picked_up":{"minecraft:oak_log":6},"minecraft:used":{"minecraft:wooden_axe":4},"minecraft:mined":{"minecraft:oak_log":9,"minecraft:oak_leaves":1},"minecraft:custom":{"minecraft:jump":7,"minecraft:time_since_rest":2173,"minecraft:sprint_one_cm":1077,"minecraft:leave_game":1,"minecraft:play_time":2173,"minecraft:time_since_death":2173,"minecraft:walk_one_cm":1374,"minecraft:total_world_time":2173,"minecraft:interact_with_crafting_table":1}},"DataVersion":3465}