{"stats":{"minecraft:custom":{"minecraft:time_since_rest":3511,"minecraft:sprint_one_cm":154777,"minecraft:damage_taken":287,"minecraft:walk_one_cm":159639,"minecraft:mob_kills":2,"minecraft:drop":6,"minecraft:damage_dealt":110,"minecraft:swim_one_cm":1831,"minecraft:interact_with_crafting_table":16,"minecraft:talked_to_villager":1,"minecraft:fly_one_cm":106692,"minecraft:open_chest":2,"minecraft:crouch_one_cm":33,"minecraft:play_time":34190,"minecraft:sneak_time":43,"minecraft:walk_under_water_one_cm":373,"minecraft:interact_with_brewingstand":1,"minecraft:jump":619,"minecraft:interact_with_blast_furnace":1,"minecraft:leave_game":2,"minecraft:time_since_death":34190,"minecraft:walk_on_water_one_cm":715,"minecraft:total_world_time":34190,"minecraft:sleep_in_bed":3,"minecraft:fall_one_cm":16620},"minecraft:used":{"minecraft:oak_stairs":13,"minecraft:bread":3,"minecraft:stone_pickaxe":40,"minecraft:oak_planks":41,"minecraft:wooden_pickaxe":9,"minecraft:stone_axe":36,"minecraft:crafting_table":2,"minecraft:carrot":9,"minecraft:yellow_bed":5},"minecraft:crafted":{"minecraft:oak_planks":108,"minecraft:crafting_table":1,"minecraft:stick":8,"minecraft:wooden_pickaxe":1,"minecraft:stone_pickaxe":1,"minecraft:oak_stairs":12,"minecraft:stone_axe":1},"minecraft:mined":{"minecraft:hay_block":12,"minecraft:carrots":24,"minecraft:wheat":40,"minecraft:yellow_bed":7,"minecraft:crafting_table":1,"minecraft:grass":14,"minecraft:blast_furnace":1,"minecraft:oak_log":27,"minecraft:grass_block":11,"minecraft:potatoes":12,"minecraft:coal_ore":16,"minecraft:beetroots":7,"minecraft:chest":2,"minecraft:oak_stairs":1,"minecraft:dirt":14,"minecraft:stone":25,"minecraft:oak_planks":3,"minecraft:cartography_table":1,"minecraft:oak_leaves":19},"minecraft:dropped":{"minecraft:potato":3,"minecraft:yellow_bed":1,"minecraft:carrot":2},"minecraft:killed":{"minecraft:sheep":1},"minecraft:picked_up":{"minecraft:crafting_table":1,"minecraft:wheat":3,"minecraft:oak_stairs":1,"minecraft:potato":12,"minecraft:filled_map":1,"minecraft:oak_log":27,"minecraft:blast_furnace":1,"minecraft:yellow_bed":7,"minecraft:shield":1,"minecraft:carrot":24,"minecraft:dirt":26,"minecraft:bone":2,"minecraft:beetroot_seeds":7,"minecraft:wheat_seeds":48,"minecraft:cartography_table":1,"minecraft:hay_block":12,"minecraft:oak_sapling":2,"minecraft:chest":2,"minecraft:mutton":1,"minecraft:oak_planks":3,"minecraft:coal":16,"minecraft:white_wool":1,"minecraft:cobblestone":25,"minecraft:egg":6}},"DataVersion":3465}