{"stats":{"minecraft:custom":{"minecraft:mob_kills":3,"minecraft:interact_with_crafting_table":39,"minecraft:leave_game":5,"minecraft:time_since_death":119427,"minecraft:climb_one_cm":16572,"minecraft:sprint_one_cm":171980,"minecraft:walk_one_cm":507498,"minecraft:damage_blocked_by_shield":120,"minecraft:drop":17,"minecraft:talked_to_villager":1,"minecraft:play_time":119427,"minecraft:sneak_time":1005,"minecraft:walk_under_water_one_cm":373,"minecraft:jump":1195,"minecraft:interact_with_brewingstand":1,"minecraft:interact_with_blast_furnace":7,"minecraft:walk_on_water_one_cm":6081,"minecraft:total_world_time":119427,"minecraft:interact_with_furnace":31,"minecraft:sleep_in_bed":10,"minecraft:time_since_rest":8993,"minecraft:damage_taken":582,"minecraft:damage_dealt":310,"minecraft:swim_one_cm":1831,"minecraft:fly_one_cm":115856,"minecraft:open_chest":16,"minecraft:crouch_one_cm":439,"minecraft:interact_with_smoker":6,"minecraft:fall_one_cm":18561},"minecraft:broken":{"minecraft:wooden_pickaxe":1,"minecraft:stone_pickaxe":2,"minecraft:iron_pickaxe":1},"minecraft:used":{"minecraft:oak_trapdoor":7,"minecraft:polished_deepslate":132,"minecraft:ladder":17,"minecraft:chest":6,"minecraft:shield":2,"minecraft:cooked_salmon":3,"minecraft:oak_door":6,"minecraft:torch":37,"minecraft:dirt":48,"minecraft:carrot":22,"minecraft:oak_stairs":17,"minecraft:birch_trapdoor":18,"minecraft:furnace":2,"minecraft:oak_sapling":2,"minecraft:potato":9,"minecraft:cobbled_deepslate":3,"minecraft:cooked_mutton":1,"minecraft:diorite":1,"minecraft:stone_pickaxe":262,"minecraft:oak_planks":45,"minecraft:wooden_pickaxe":53,"minecraft:oak_slab":5,"minecraft:crafting_table":5,"minecraft:blast_furnace":4,"minecraft:smoker":1,"minecraft:bread":3,"minecraft:iron_pickaxe":441,"minecraft:gravel":6,"minecraft:stone_axe":118,"minecraft:cobblestone":40,"minecraft:yellow_bed":7,"minecraft:smooth_stone":40},"minecraft:mined":{"minecraft:tuff":1,"minecraft:oak_door":2,"minecraft:granite":13,"minecraft:ladder":5,"minecraft:grass_block":17,"minecraft:cartography_table":1,"minecraft:hay_block":12,"minecraft:smooth_stone":40,"minecraft:oak_trapdoor":3,"minecraft:furnace":2,"minecraft:carrots":24,"minecraft:iron_ore":24,"minecraft:andesite":26,"minecraft:deepslate_lapis_ore":2,"minecraft:polished_deepslate":1,"minecraft:potatoes":12,"minecraft:deepslate_iron_ore":28,"minecraft:oak_stairs":17,"minecraft:stone":307,"minecraft:deepslate_redstone_ore":3,"minecraft:oak_slab":3,"minecraft:dandelion":1,"minecraft:crafting_table":4,"minecraft:torch":1,"minecraft:blast_furnace":4,"minecraft:chest":6,"minecraft:copper_ore":12,"minecraft:tall_grass":10,"minecraft:cobblestone":9,"minecraft:deepslate_coal_ore":9,"minecraft:lapis_ore":5,"minecraft:oak_planks":37,"minecraft:diorite":22,"minecraft:wall_torch":6,"minecraft:birch_log":17,"minecraft:wheat":40,"minecraft:birch_trapdoor":3,"minecraft:birch_leaves":3,"minecraft:yellow_bed":9,"minecraft:grass":46,"minecraft:coal_ore":64,"minecraft:oak_log":27,"minecraft:beetroots":7,"minecraft:gravel":17,"minecraft:dirt":89,"minecraft:oak_leaves":19,"minecraft:deepslate":169},"minecraft:crafted":{"minecraft:oak_door":3,"minecraft:smooth_stone":40,"minecraft:oak_planks":108,"minecraft:furnace":3,"minecraft:stone":104,"minecraft:cooked_mutton":1,"minecraft:oak_trapdoor":4,"minecraft:polished_deepslate":160,"minecraft:ladder":9,"minecraft:stone_pickaxe":2,"minecraft:chest":1,"minecraft:smoker":1,"minecraft:oak_slab":6,"minecraft:crafting_table":2,"minecraft:wooden_pickaxe":1,"minecraft:cooked_salmon":3,"minecraft:birch_planks":52,"minecraft:stone_axe":1,"minecraft:air":0,"minecraft:stick":44,"minecraft:iron_ingot":39,"minecraft:iron_pickaxe":2,"minecraft:oak_stairs":20,"minecraft:birch_trapdoor":16,"minecraft:torch":44},"minecraft:dropped":{"minecraft:flint":3,"minecraft:dirt":5,"minecraft:diorite":30,"minecraft:carrot":2,"minecraft:potato":3,"minecraft:beetroot_seeds":7,"minecraft:yellow_bed":1},"minecraft:killed":{"minecraft:skeleton":1,"minecraft:sheep":1},"minecraft:picked_up":{"minecraft:crafting_table":4,"minecraft:wheat":3,"minecraft:ladder":11,"minecraft:oak_stairs":17,"minecraft:shield":1,"minecraft:polished_deepslate":1,"minecraft:oak_trapdoor":3,"minecraft:raw_copper":45,"minecraft:cartography_table":1,"minecraft:cobbled_deepslate":163,"minecraft:smooth_stone":40,"minecraft:chest":5,"minecraft:birch_sapling":1,"minecraft:egg":6,"minecraft:furnace":2,"minecraft:raw_iron":52,"minecraft:oak_door":4,"minecraft:birch_trapdoor":3,"minecraft:torch":8,"minecraft:diorite":46,"minecraft:carrot":24,"minecraft:redstone":15,"minecraft:arrow":2,"minecraft:beetroot_seeds":7,"minecraft:hay_block":12,"minecraft:mutton":1,"minecraft:cobblestone":316,"minecraft:white_wool":1,"minecraft:birch_log":17,"minecraft:salmon":3,"minecraft:andesite":26,"minecraft:potato":12,"minecraft:filled_map":1,"minecraft:flint":6,"minecraft:tuff":1,"minecraft:oak_log":27,"minecraft:yellow_bed":9,"minecraft:lapis_lazuli":53,"minecraft:dirt":114,"minecraft:bone":3,"minecraft:wheat_seeds":54,"minecraft:oak_planks":38,"minecraft:oak_slab":3,"minecraft:dandelion":1,"minecraft:gravel":14,"minecraft:blast_furnace":4,"minecraft:granite":13,"minecraft:oak_sapling":2,"minecraft:coal":73}},"DataVersion":3465}