{"stats":{"minecraft:custom":{"minecraft:interact_with_furnace":22,"minecraft:mob_kills":2,"minecraft:interact_with_crafting_table":34,"minecraft:leave_game":5,"minecraft:time_since_death":79257,"minecraft:sleep_in_bed":7,"minecraft:climb_one_cm":7233,"minecraft:time_since_rest":7280,"minecraft:sprint_one_cm":171528,"minecraft:damage_taken":479,"minecraft:walk_one_cm":358434,"minecraft:drop":13,"minecraft:damage_dealt":110,"minecraft:swim_one_cm":1831,"minecraft:talked_to_villager":1,"minecraft:fly_one_cm":115676,"minecraft:open_chest":8,"minecraft:crouch_one_cm":439,"minecraft:play_time":79257,"minecraft:sneak_time":968,"minecraft:walk_under_water_one_cm":373,"minecraft:interact_with_brewingstand":1,"minecraft:jump":783,"minecraft:interact_with_blast_furnace":4,"minecraft:walk_on_water_one_cm":715,"minecraft:interact_with_smoker":5,"minecraft:total_world_time":79257,"minecraft:fall_one_cm":18143},"minecraft:broken":{"minecraft:stone_pickaxe":1,"minecraft:wooden_pickaxe":1},"minecraft:used":{"minecraft:oak_trapdoor":7,"minecraft:cooked_mutton":1,"minecraft:stone_pickaxe":227,"minecraft:oak_planks":45,"minecraft:ladder":6,"minecraft:chest":2,"minecraft:wooden_pickaxe":53,"minecraft:cooked_salmon":3,"minecraft:oak_door":5,"minecraft:torch":9,"minecraft:dirt":47,"minecraft:oak_slab":5,"minecraft:crafting_table":4,"minecraft:blast_furnace":4,"minecraft:carrot":22,"minecraft:smoker":1,"minecraft:oak_stairs":17,"minecraft:bread":3,"minecraft:gravel":6,"minecraft:stone_axe":115,"minecraft:birch_trapdoor":18,"minecraft:cobblestone":15,"minecraft:furnace":2,"minecraft:oak_sapling":2,"minecraft:yellow_bed":7,"minecraft:potato":9},"minecraft:crafted":{"minecraft:oak_door":3,"minecraft:oak_slab":6,"minecraft:oak_planks":108,"minecraft:crafting_table":2,"minecraft:wooden_pickaxe":1,"minecraft:furnace":3,"minecraft:cooked_salmon":3,"minecraft:stone":40,"minecraft:birch_planks":52,"minecraft:stone_axe":1,"minecraft:cooked_mutton":1,"minecraft:oak_trapdoor":4,"minecraft:ladder":9,"minecraft:stick":40,"minecraft:birch_trapdoor":16,"minecraft:stone_pickaxe":2,"minecraft:oak_stairs":20,"minecraft:chest":1,"minecraft:torch":44,"minecraft:smoker":1},"minecraft:mined":{"minecraft:oak_slab":3,"minecraft:oak_door":2,"minecraft:dandelion":1,"minecraft:crafting_table":3,"minecraft:granite":8,"minecraft:blast_furnace":4,"minecraft:grass_block":15,"minecraft:chest":4,"minecraft:copper_ore":2,"minecraft:tall_grass":10,"minecraft:cartography_table":1,"minecraft:oak_planks":37,"minecraft:wall_torch":1,"minecraft:diorite":15,"minecraft:hay_block":12,"minecraft:oak_trapdoor":3,"minecraft:carrots":24,"minecraft:birch_log":17,"minecraft:iron_ore":14,"minecraft:wheat":40,"minecraft:birch_trapdoor":3,"minecraft:andesite":12,"minecraft:birch_leaves":3,"minecraft:yellow_bed":9,"minecraft:grass":46,"minecraft:oak_log":27,"minecraft:potatoes":12,"minecraft:coal_ore":56,"minecraft:beetroots":7,"minecraft:oak_stairs":17,"minecraft:gravel":14,"minecraft:dirt":21,"minecraft:stone":160,"minecraft:oak_leaves":19},"minecraft:dropped":{"minecraft:carrot":2,"minecraft:potato":3,"minecraft:beetroot_seeds":7,"minecraft:yellow_bed":1},"minecraft:killed":{"minecraft:sheep":1},"minecraft:picked_up":{"minecraft:birch_log":17,"minecraft:crafting_table":3,"minecraft:wheat":3,"minecraft:andesite":12,"minecraft:salmon":3,"minecraft:oak_stairs":17,"minecraft:potato":12,"minecraft:filled_map":1,"minecraft:flint":2,"minecraft:oak_log":27,"minecraft:shield":1,"minecraft:yellow_bed":9,"minecraft:dirt":51,"minecraft:oak_trapdoor":3,"minecraft:raw_copper":8,"minecraft:bone":2,"minecraft:wheat_seeds":54,"minecraft:cartography_table":1,"minecraft:chest":3,"minecraft:birch_sapling":1,"minecraft:oak_planks":38,"minecraft:egg":6,"minecraft:oak_slab":3,"minecraft:raw_iron":14,"minecraft:oak_door":3,"minecraft:birch_trapdoor":3,"minecraft:torch":1,"minecraft:dandelion":1,"minecraft:gravel":12,"minecraft:blast_furnace":4,"minecraft:diorite":15,"minecraft:carrot":24,"minecraft:beetroot_seeds":7,"minecraft:hay_block":12,"minecraft:granite":8,"minecraft:oak_sapling":2,"minecraft:mutton":1,"minecraft:coal":56,"minecraft:white_wool":1,"minecraft:cobblestone":160}},"DataVersion":3465}