{"stats":{"minecraft:custom":{"minecraft:mob_kills":2,"minecraft:interact_with_crafting_table":22,"minecraft:leave_game":2,"minecraft:time_since_death":41681,"minecraft:sleep_in_bed":3,"minecraft:time_since_rest":11002,"minecraft:sprint_one_cm":158835,"minecraft:damage_taken":287,"minecraft:walk_one_cm":216508,"minecraft:drop":13,"minecraft:damage_dealt":110,"minecraft:swim_one_cm":1831,"minecraft:talked_to_villager":1,"minecraft:fly_one_cm":107231,"minecraft:open_chest":6,"minecraft:crouch_one_cm":33,"minecraft:play_time":41681,"minecraft:sneak_time":59,"minecraft:walk_under_water_one_cm":373,"minecraft:jump":647,"minecraft:interact_with_brewingstand":1,"minecraft:interact_with_blast_furnace":4,"minecraft:walk_on_water_one_cm":715,"minecraft:total_world_time":41681,"minecraft:fall_one_cm":16889},"minecraft:used":{"minecraft:stone_pickaxe":43,"minecraft:oak_planks":45,"minecraft:chest":2,"minecraft:wooden_pickaxe":9,"minecraft:oak_door":2,"minecraft:dirt":3,"minecraft:crafting_table":3,"minecraft:blast_furnace":4,"minecraft:carrot":22,"minecraft:oak_stairs":17,"minecraft:bread":3,"minecraft:stone_axe":47,"minecraft:yellow_bed":6,"minecraft:potato":9},"minecraft:mined":{"minecraft:dandelion":1,"minecraft:crafting_table":2,"minecraft:blast_furnace":4,"minecraft:grass_block":11,"minecraft:chest":2,"minecraft:cartography_table":1,"minecraft:oak_planks":5,"minecraft:hay_block":12,"minecraft:carrots":24,"minecraft:birch_log":6,"minecraft:wheat":40,"minecraft:birch_leaves":1,"minecraft:yellow_bed":8,"minecraft:grass":29,"minecraft:coal_ore":16,"minecraft:potatoes":12,"minecraft:oak_log":27,"minecraft:beetroots":7,"minecraft:oak_stairs":1,"minecraft:dirt":17,"minecraft:stone":25,"minecraft:oak_leaves":19},"minecraft:crafted":{"minecraft:oak_door":3,"minecraft:oak_planks":108,"minecraft:crafting_table":1,"minecraft:wooden_pickaxe":1,"minecraft:stone_axe":1,"minecraft:stick":8,"minecraft:stone_pickaxe":1,"minecraft:oak_stairs":20},"minecraft:dropped":{"minecraft:carrot":2,"minecraft:potato":3,"minecraft:beetroot_seeds":7,"minecraft:yellow_bed":1},"minecraft:killed":{"minecraft:sheep":1},"minecraft:picked_up":{"minecraft:birch_log":6,"minecraft:crafting_table":2,"minecraft:wheat":3,"minecraft:oak_stairs":1,"minecraft:potato":12,"minecraft:filled_map":1,"minecraft:oak_log":27,"minecraft:yellow_bed":8,"minecraft:shield":1,"minecraft:dirt":29,"minecraft:bone":2,"minecraft:wheat_seeds":50,"minecraft:cartography_table":1,"minecraft:chest":2,"minecraft:birch_sapling":1,"minecraft:oak_planks":5,"minecraft:egg":6,"minecraft:dandelion":1,"minecraft:blast_furnace":4,"minecraft:carrot":24,"minecraft:beetroot_seeds":7,"minecraft:hay_block":12,"minecraft:oak_sapling":2,"minecraft:mutton":1,"minecraft:coal":16,"minecraft:white_wool":1,"minecraft:cobblestone":25}},"DataVersion":3465}