{"stats":{"minecraft:custom":{"minecraft:interact_with_furnace":31,"minecraft:mob_kills":3,"minecraft:interact_with_crafting_table":38,"minecraft:leave_game":5,"minecraft:time_since_death":107427,"minecraft:climb_one_cm":11937,"minecraft:sleep_in_bed":9,"minecraft:time_since_rest":9840,"minecraft:sprint_one_cm":171980,"minecraft:damage_taken":582,"minecraft:walk_one_cm":456589,"minecraft:damage_blocked_by_shield":120,"minecraft:drop":17,"minecraft:damage_dealt":310,"minecraft:swim_one_cm":1831,"minecraft:talked_to_villager":1,"minecraft:fly_one_cm":115856,"minecraft:open_chest":15,"minecraft:crouch_one_cm":439,"minecraft:play_time":107427,"minecraft:sneak_time":968,"minecraft:walk_under_water_one_cm":373,"minecraft:interact_with_brewingstand":1,"minecraft:jump":1013,"minecraft:interact_with_blast_furnace":6,"minecraft:walk_on_water_one_cm":5163,"minecraft:total_world_time":107427,"minecraft:interact_with_smoker":5,"minecraft:fall_one_cm":18352},"minecraft:broken":{"minecraft:stone_pickaxe":2,"minecraft:iron_pickaxe":1,"minecraft:wooden_pickaxe":1},"minecraft:used":{"minecraft:oak_trapdoor":7,"minecraft:cooked_mutton":1,"minecraft:polished_deepslate":60,"minecraft:stone_pickaxe":262,"minecraft:ladder":14,"minecraft:oak_planks":45,"minecraft:shield":2,"minecraft:chest":6,"minecraft:wooden_pickaxe":53,"minecraft:cooked_salmon":3,"minecraft:oak_door":5,"minecraft:torch":32,"minecraft:dirt":47,"minecraft:oak_slab":5,"minecraft:crafting_table":5,"minecraft:blast_furnace":4,"minecraft:carrot":22,"minecraft:smoker":1,"minecraft:oak_stairs":17,"minecraft:bread":3,"minecraft:iron_pickaxe":369,"minecraft:gravel":6,"minecraft:stone_axe":118,"minecraft:birch_trapdoor":18,"minecraft:cobblestone":40,"minecraft:oak_sapling":2,"minecraft:furnace":2,"minecraft:yellow_bed":7,"minecraft:potato":9,"minecraft:cobbled_deepslate":3,"minecraft:smooth_stone":40},"minecraft:crafted":{"minecraft:oak_door":3,"minecraft:smooth_stone":40,"minecraft:oak_slab":6,"minecraft:oak_planks":108,"minecraft:crafting_table":2,"minecraft:wooden_pickaxe":1,"minecraft:furnace":3,"minecraft:cooked_salmon":3,"minecraft:stone":104,"minecraft:birch_planks":52,"minecraft:stone_axe":1,"minecraft:cooked_mutton":1,"minecraft:air":0,"minecraft:oak_trapdoor":4,"minecraft:polished_deepslate":64,"minecraft:ladder":9,"minecraft:stick":44,"minecraft:iron_pickaxe":2,"minecraft:iron_ingot":14,"minecraft:birch_trapdoor":16,"minecraft:stone_pickaxe":2,"minecraft:oak_stairs":20,"minecraft:chest":1,"minecraft:torch":44,"minecraft:smoker":1},"minecraft:mined":{"minecraft:oak_slab":3,"minecraft:tuff":1,"minecraft:oak_door":2,"minecraft:dandelion":1,"minecraft:torch":1,"minecraft:crafting_table":4,"minecraft:ladder":2,"minecraft:granite":13,"minecraft:blast_furnace":4,"minecraft:grass_block":16,"minecraft:chest":6,"minecraft:cobblestone":9,"minecraft:tall_grass":10,"minecraft:copper_ore":12,"minecraft:deepslate_coal_ore":9,"minecraft:lapis_ore":5,"minecraft:oak_planks":37,"minecraft:cartography_table":1,"minecraft:diorite":22,"minecraft:wall_torch":3,"minecraft:smooth_stone":39,"minecraft:hay_block":12,"minecraft:oak_trapdoor":3,"minecraft:furnace":2,"minecraft:carrots":24,"minecraft:birch_log":17,"minecraft:iron_ore":24,"minecraft:wheat":40,"minecraft:birch_trapdoor":3,"minecraft:andesite":23,"minecraft:birch_leaves":3,"minecraft:deepslate_lapis_ore":2,"minecraft:yellow_bed":9,"minecraft:grass":46,"minecraft:oak_log":27,"minecraft:potatoes":12,"minecraft:coal_ore":64,"minecraft:deepslate_iron_ore":28,"minecraft:beetroots":7,"minecraft:oak_stairs":17,"minecraft:gravel":17,"minecraft:dirt":23,"minecraft:stone":281,"minecraft:deepslate":132,"minecraft:oak_leaves":19},"minecraft:dropped":{"minecraft:carrot":2,"minecraft:flint":3,"minecraft:dirt":5,"minecraft:potato":3,"minecraft:diorite":30,"minecraft:beetroot_seeds":7,"minecraft:yellow_bed":1},"minecraft:killed":{"minecraft:sheep":1,"minecraft:skeleton":1},"minecraft:picked_up":{"minecraft:birch_log":17,"minecraft:crafting_table":4,"minecraft:wheat":3,"minecraft:ladder":8,"minecraft:andesite":23,"minecraft:salmon":3,"minecraft:oak_stairs":17,"minecraft:potato":12,"minecraft:filled_map":1,"minecraft:flint":6,"minecraft:tuff":1,"minecraft:oak_log":27,"minecraft:yellow_bed":9,"minecraft:shield":1,"minecraft:lapis_lazuli":53,"minecraft:dirt":54,"minecraft:oak_trapdoor":3,"minecraft:raw_copper":45,"minecraft:bone":3,"minecraft:smooth_stone":39,"minecraft:wheat_seeds":54,"minecraft:cartography_table":1,"minecraft:cobbled_deepslate":126,"minecraft:furnace":2,"minecraft:chest":5,"minecraft:birch_sapling":1,"minecraft:oak_planks":38,"minecraft:egg":6,"minecraft:oak_slab":3,"minecraft:raw_iron":52,"minecraft:oak_door":3,"minecraft:birch_trapdoor":3,"minecraft:torch":4,"minecraft:dandelion":1,"minecraft:gravel":14,"minecraft:blast_furnace":4,"minecraft:diorite":46,"minecraft:carrot":24,"minecraft:arrow":2,"minecraft:beetroot_seeds":7,"minecraft:hay_block":12,"minecraft:granite":13,"minecraft:oak_sapling":2,"minecraft:mutton":1,"minecraft:coal":73,"minecraft:white_wool":1,"minecraft:cobblestone":290}},"DataVersion":3465}