{"stats":{"minecraft:crafted":{"minecraft:oak_door":3,"minecraft:smooth_stone":40,"minecraft:oak_planks":240,"minecraft:furnace":3,"minecraft:stone":104,"minecraft:cooked_mutton":1,"minecraft:oak_trapdoor":4,"minecraft:iron_boots":1,"minecraft:polished_deepslate":160,"minecraft:iron_axe":1,"minecraft:ladder":9,"minecraft:stone_pickaxe":2,"minecraft:chest":17,"minecraft:smoker":1,"minecraft:wheat":45,"minecraft:oak_slab":6,"minecraft:crafting_table":2,"minecraft:wooden_pickaxe":1,"minecraft:iron_helmet":1,"minecraft:iron_sword":1,"minecraft:cooked_salmon":3,"minecraft:copper_ingot":45,"minecraft:birch_planks":96,"minecraft:stone_axe":1,"minecraft:bread":16,"minecraft:air":0,"minecraft:iron_chestplate":1,"minecraft:charcoal":65,"minecraft:stick":136,"minecraft:iron_ingot":52,"minecraft:iron_pickaxe":4,"minecraft:oak_stairs":20,"minecraft:birch_trapdoor":16,"minecraft:iron_leggings":1,"minecraft:torch":300},"minecraft:dropped":{"minecraft:flint":3,"minecraft:dirt":5,"minecraft:diorite":30,"minecraft:carrot":2,"minecraft:potato":3,"minecraft:beetroot_seeds":7,"minecraft:yellow_bed":1},"minecraft:picked_up":{"minecraft:crafting_table":4,"minecraft:wheat":3,"minecraft:ladder":11,"minecraft:oak_stairs":17,"minecraft:shield":1,"minecraft:polished_deepslate":21,"minecraft:oak_trapdoor":3,"minecraft:raw_copper":45,"minecraft:cartography_table":1,"minecraft:cobbled_deepslate":220,"minecraft:smooth_stone":40,"minecraft:chest":7,"minecraft:birch_sapling":4,"minecraft:egg":6,"minecraft:furnace":2,"minecraft:raw_iron":58,"minecraft:stick":6,"minecraft:oak_door":4,"minecraft:birch_trapdoor":3,"minecraft:torch":16,"minecraft:diorite":47,"minecraft:carrot":24,"minecraft:redstone":113,"minecraft:arrow":2,"minecraft:rotten_flesh":2,"minecraft:beetroot_seeds":7,"minecraft:hay_block":12,"minecraft:mutton":2,"minecraft:cobblestone":347,"minecraft:white_wool":2,"minecraft:birch_log":28,"minecraft:salmon":3,"minecraft:andesite":28,"minecraft:potato":12,"minecraft:filled_map":1,"minecraft:flint":10,"minecraft:tuff":6,"minecraft:oak_log":171,"minecraft:yellow_bed":9,"minecraft:lapis_lazuli":53,"minecraft:dirt":146,"minecraft:bone":3,"minecraft:apple":2,"minecraft:wheat_seeds":57,"minecraft:oak_planks":38,"minecraft:oak_slab":3,"minecraft:dandelion":1,"minecraft:gravel":60,"minecraft:blast_furnace":4,"minecraft:diamond":1,"minecraft:granite":13,"minecraft:oak_sapling":14,"minecraft:coal":73},"minecraft:used":{"minecraft:oak_trapdoor":7,"minecraft:polished_deepslate":176,"minecraft:ladder":17,"minecraft:chest":24,"minecraft:shield":2,"minecraft:iron_sword":5,"minecraft:cooked_salmon":3,"minecraft:oak_door":6,"minecraft:torch":92,"minecraft:dirt":49,"minecraft:carrot":22,"minecraft:iron_axe":174,"minecraft:oak_stairs":17,"minecraft:birch_sapling":2,"minecraft:birch_trapdoor":18,"minecraft:oak_sapling":12,"minecraft:furnace":4,"minecraft:potato":9,"minecraft:cobbled_deepslate":19,"minecraft:cooked_mutton":1,"minecraft:diorite":1,"minecraft:stone_pickaxe":262,"minecraft:oak_planks":45,"minecraft:wooden_pickaxe":53,"minecraft:oak_slab":5,"minecraft:crafting_table":5,"minecraft:blast_furnace":4,"minecraft:smoker":1,"minecraft:bread":8,"minecraft:iron_pickaxe":586,"minecraft:gravel":6,"minecraft:stone_axe":130,"minecraft:cobblestone":40,"minecraft:yellow_bed":7,"minecraft:smooth_stone":60},"minecraft:killed":{"minecraft:skeleton":1,"minecraft:sheep":2,"minecraft:zombie":1},"minecraft:broken":{"minecraft:wooden_pickaxe":1,"minecraft:stone_pickaxe":2,"minecraft:stone_axe":1,"minecraft:iron_pickaxe":2},"minecraft:mined":{"minecraft:tuff":6,"minecraft:deepslate_diamond_ore":1,"minecraft:oak_door":2,"minecraft:ladder":5,"minecraft:granite":13,"minecraft:grass_block":37,"minecraft:cartography_table":1,"minecraft:hay_block":12,"minecraft:smooth_stone":40,"minecraft:oak_trapdoor":3,"minecraft:furnace":2,"minecraft:carrots":24,"minecraft:iron_ore":24,"minecraft:andesite":28,"minecraft:deepslate_lapis_ore":2,"minecraft:polished_deepslate":21,"minecraft:potatoes":12,"minecraft:deepslate_iron_ore":34,"minecraft:oak_stairs":17,"minecraft:stone":330,"minecraft:deepslate_redstone_ore":24,"minecraft:oak_slab":3,"minecraft:dandelion":1,"minecraft:crafting_table":4,"minecraft:torch":4,"minecraft:blast_furnace":4,"minecraft:chest":8,"minecraft:tall_grass":10,"minecraft:copper_ore":12,"minecraft:cobblestone":17,"minecraft:deepslate_coal_ore":9,"minecraft:lapis_ore":5,"minecraft:oak_planks":37,"minecraft:diorite":23,"minecraft:wall_torch":10,"minecraft:birch_log":28,"minecraft:wheat":40,"minecraft:birch_trapdoor":3,"minecraft:birch_leaves":5,"minecraft:bee_nest":1,"minecraft:yellow_bed":9,"minecraft:grass":49,"minecraft:oak_log":171,"minecraft:coal_ore":64,"minecraft:beetroots":7,"minecraft:gravel":67,"minecraft:dirt":100,"minecraft:oak_leaves":67,"minecraft:deepslate":226},"minecraft:custom":{"minecraft:mob_kills":5,"minecraft:interact_with_crafting_table":52,"minecraft:leave_game":8,"minecraft:time_since_death":169733,"minecraft:climb_one_cm":35154,"minecraft:sprint_one_cm":202704,"minecraft:walk_one_cm":710345,"minecraft:damage_blocked_by_shield":120,"minecraft:drop":17,"minecraft:talked_to_villager":1,"minecraft:play_time":169733,"minecraft:sneak_time":1161,"minecraft:walk_under_water_one_cm":373,"minecraft:jump":1529,"minecraft:interact_with_brewingstand":1,"minecraft:interact_with_blast_furnace":14,"minecraft:walk_on_water_one_cm":6081,"minecraft:total_world_time":169733,"minecraft:interact_with_furnace":41,"minecraft:sleep_in_bed":14,"minecraft:time_since_rest":13690,"minecraft:damage_taken":592,"minecraft:damage_dealt":589,"minecraft:swim_one_cm":1831,"minecraft:fly_one_cm":128796,"minecraft:open_chest":127,"minecraft:crouch_one_cm":1333,"minecraft:interact_with_smoker":7,"minecraft:fall_one_cm":20630}},"DataVersion":3465}