{"stats":{"minecraft:custom":{"minecraft:mob_kills":3,"minecraft:interact_with_crafting_table":48,"minecraft:leave_game":6,"minecraft:time_since_death":137180,"minecraft:climb_one_cm":25948,"minecraft:sprint_one_cm":177268,"minecraft:walk_one_cm":575652,"minecraft:damage_blocked_by_shield":120,"minecraft:drop":17,"minecraft:talked_to_villager":1,"minecraft:play_time":137180,"minecraft:sneak_time":1005,"minecraft:walk_under_water_one_cm":373,"minecraft:jump":1235,"minecraft:interact_with_brewingstand":1,"minecraft:interact_with_blast_furnace":13,"minecraft:walk_on_water_one_cm":6081,"minecraft:total_world_time":137180,"minecraft:interact_with_furnace":31,"minecraft:sleep_in_bed":12,"minecraft:time_since_rest":1058,"minecraft:damage_taken":582,"minecraft:damage_dealt":310,"minecraft:swim_one_cm":1831,"minecraft:fly_one_cm":117197,"minecraft:open_chest":83,"minecraft:crouch_one_cm":439,"minecraft:interact_with_smoker":6,"minecraft:fall_one_cm":18770},"minecraft:broken":{"minecraft:wooden_pickaxe":1,"minecraft:stone_pickaxe":2,"minecraft:stone_axe":1,"minecraft:iron_pickaxe":1},"minecraft:used":{"minecraft:oak_trapdoor":7,"minecraft:polished_deepslate":176,"minecraft:ladder":17,"minecraft:chest":24,"minecraft:shield":2,"minecraft:cooked_salmon":3,"minecraft:oak_door":6,"minecraft:torch":40,"minecraft:dirt":48,"minecraft:carrot":22,"minecraft:iron_axe":26,"minecraft:oak_stairs":17,"minecraft:birch_trapdoor":18,"minecraft:furnace":2,"minecraft:oak_sapling":2,"minecraft:potato":9,"minecraft:cobbled_deepslate":3,"minecraft:cooked_mutton":1,"minecraft:diorite":1,"minecraft:stone_pickaxe":262,"minecraft:oak_planks":45,"minecraft:wooden_pickaxe":53,"minecraft:oak_slab":5,"minecraft:crafting_table":5,"minecraft:blast_furnace":4,"minecraft:smoker":1,"minecraft:bread":6,"minecraft:iron_pickaxe":494,"minecraft:gravel":6,"minecraft:stone_axe":130,"minecraft:cobblestone":40,"minecraft:yellow_bed":7,"minecraft:smooth_stone":40},"minecraft:mined":{"minecraft:tuff":1,"minecraft:oak_door":2,"minecraft:granite":13,"minecraft:ladder":5,"minecraft:grass_block":17,"minecraft:cartography_table":1,"minecraft:hay_block":12,"minecraft:smooth_stone":40,"minecraft:oak_trapdoor":3,"minecraft:furnace":2,"minecraft:carrots":24,"minecraft:iron_ore":24,"minecraft:andesite":28,"minecraft:deepslate_lapis_ore":2,"minecraft:polished_deepslate":21,"minecraft:potatoes":12,"minecraft:deepslate_iron_ore":28,"minecraft:oak_stairs":17,"minecraft:stone":330,"minecraft:deepslate_redstone_ore":3,"minecraft:oak_slab":3,"minecraft:dandelion":1,"minecraft:crafting_table":4,"minecraft:torch":1,"minecraft:blast_furnace":4,"minecraft:chest":8,"minecraft:copper_ore":12,"minecraft:tall_grass":10,"minecraft:cobblestone":17,"minecraft:deepslate_coal_ore":9,"minecraft:lapis_ore":5,"minecraft:oak_planks":37,"minecraft:diorite":22,"minecraft:wall_torch":8,"minecraft:birch_log":17,"minecraft:wheat":40,"minecraft:birch_trapdoor":3,"minecraft:birch_leaves":3,"minecraft:yellow_bed":9,"minecraft:grass":47,"minecraft:coal_ore":64,"minecraft:oak_log":60,"minecraft:beetroots":7,"minecraft:gravel":17,"minecraft:dirt":99,"minecraft:oak_leaves":33,"minecraft:deepslate":169},"minecraft:crafted":{"minecraft:oak_door":3,"minecraft:smooth_stone":40,"minecraft:oak_planks":240,"minecraft:furnace":3,"minecraft:stone":104,"minecraft:cooked_mutton":1,"minecraft:oak_trapdoor":4,"minecraft:iron_boots":1,"minecraft:polished_deepslate":160,"minecraft:iron_axe":1,"minecraft:ladder":9,"minecraft:stone_pickaxe":2,"minecraft:chest":17,"minecraft:wheat":18,"minecraft:smoker":1,"minecraft:oak_slab":6,"minecraft:crafting_table":2,"minecraft:wooden_pickaxe":1,"minecraft:iron_helmet":1,"minecraft:cooked_salmon":3,"minecraft:copper_ingot":45,"minecraft:birch_planks":52,"minecraft:stone_axe":1,"minecraft:bread":7,"minecraft:air":0,"minecraft:iron_chestplate":1,"minecraft:stick":48,"minecraft:iron_ingot":52,"minecraft:iron_pickaxe":2,"minecraft:oak_stairs":20,"minecraft:birch_trapdoor":16,"minecraft:iron_leggings":1,"minecraft:torch":44},"minecraft:dropped":{"minecraft:flint":3,"minecraft:dirt":5,"minecraft:diorite":30,"minecraft:carrot":2,"minecraft:potato":3,"minecraft:beetroot_seeds":7,"minecraft:yellow_bed":1},"minecraft:killed":{"minecraft:skeleton":1,"minecraft:sheep":1},"minecraft:picked_up":{"minecraft:crafting_table":4,"minecraft:wheat":3,"minecraft:ladder":11,"minecraft:oak_stairs":17,"minecraft:shield":1,"minecraft:polished_deepslate":21,"minecraft:oak_trapdoor":3,"minecraft:raw_copper":45,"minecraft:cartography_table":1,"minecraft:cobbled_deepslate":163,"minecraft:smooth_stone":40,"minecraft:chest":7,"minecraft:birch_sapling":2,"minecraft:egg":6,"minecraft:furnace":2,"minecraft:stick":3,"minecraft:raw_iron":52,"minecraft:oak_door":4,"minecraft:birch_trapdoor":3,"minecraft:torch":10,"minecraft:diorite":46,"minecraft:carrot":24,"minecraft:redstone":15,"minecraft:arrow":2,"minecraft:beetroot_seeds":7,"minecraft:hay_block":12,"minecraft:mutton":1,"minecraft:cobblestone":347,"minecraft:white_wool":1,"minecraft:birch_log":17,"minecraft:salmon":3,"minecraft:andesite":28,"minecraft:potato":12,"minecraft:filled_map":1,"minecraft:flint":6,"minecraft:tuff":1,"minecraft:oak_log":60,"minecraft:yellow_bed":9,"minecraft:lapis_lazuli":53,"minecraft:dirt":125,"minecraft:bone":3,"minecraft:apple":2,"minecraft:wheat_seeds":55,"minecraft:oak_planks":38,"minecraft:oak_slab":3,"minecraft:dandelion":1,"minecraft:gravel":14,"minecraft:blast_furnace":4,"minecraft:granite":13,"minecraft:oak_sapling":4,"minecraft:coal":73}},"DataVersion":3465}