{"stats":{"minecraft:custom":{"minecraft:mob_kills":2,"minecraft:interact_with_crafting_table":26,"minecraft:leave_game":2,"minecraft:time_since_death":53681,"minecraft:sleep_in_bed":5,"minecraft:time_since_rest":7229,"minecraft:sprint_one_cm":163574,"minecraft:damage_taken":479,"minecraft:walk_one_cm":252099,"minecraft:drop":13,"minecraft:damage_dealt":110,"minecraft:swim_one_cm":1831,"minecraft:talked_to_villager":1,"minecraft:fly_one_cm":112395,"minecraft:open_chest":8,"minecraft:crouch_one_cm":86,"minecraft:play_time":53681,"minecraft:sneak_time":237,"minecraft:walk_under_water_one_cm":373,"minecraft:jump":678,"minecraft:interact_with_brewingstand":1,"minecraft:interact_with_blast_furnace":4,"minecraft:walk_on_water_one_cm":715,"minecraft:interact_with_smoker":2,"minecraft:total_world_time":53681,"minecraft:fall_one_cm":17098},"minecraft:used":{"minecraft:cooked_mutton":1,"minecraft:stone_pickaxe":43,"minecraft:oak_planks":45,"minecraft:chest":2,"minecraft:wooden_pickaxe":9,"minecraft:oak_door":2,"minecraft:dirt":46,"minecraft:oak_slab":3,"minecraft:crafting_table":4,"minecraft:blast_furnace":4,"minecraft:carrot":22,"minecraft:smoker":1,"minecraft:oak_stairs":17,"minecraft:bread":3,"minecraft:stone_axe":113,"minecraft:birch_trapdoor":9,"minecraft:yellow_bed":7,"minecraft:potato":9},"minecraft:crafted":{"minecraft:oak_door":3,"minecraft:oak_slab":6,"minecraft:oak_planks":108,"minecraft:crafting_table":1,"minecraft:wooden_pickaxe":1,"minecraft:furnace":1,"minecraft:birch_planks":52,"minecraft:stone_axe":1,"minecraft:cooked_mutton":1,"minecraft:stick":8,"minecraft:birch_trapdoor":16,"minecraft:stone_pickaxe":1,"minecraft:oak_stairs":20,"minecraft:smoker":1},"minecraft:mined":{"minecraft:oak_slab":1,"minecraft:dandelion":1,"minecraft:crafting_table":3,"minecraft:blast_furnace":4,"minecraft:grass_block":14,"minecraft:chest":4,"minecraft:tall_grass":1,"minecraft:cartography_table":1,"minecraft:oak_planks":36,"minecraft:hay_block":12,"minecraft:carrots":24,"minecraft:birch_log":17,"minecraft:wheat":40,"minecraft:birch_trapdoor":2,"minecraft:birch_leaves":3,"minecraft:yellow_bed":9,"minecraft:grass":30,"minecraft:coal_ore":16,"minecraft:potatoes":12,"minecraft:oak_log":27,"minecraft:beetroots":7,"minecraft:oak_stairs":17,"minecraft:dirt":17,"minecraft:stone":25,"minecraft:oak_leaves":19},"minecraft:dropped":{"minecraft:carrot":2,"minecraft:potato":3,"minecraft:beetroot_seeds":7,"minecraft:yellow_bed":1},"minecraft:killed":{"minecraft:sheep":1},"minecraft:picked_up":{"minecraft:birch_log":17,"minecraft:crafting_table":3,"minecraft:wheat":3,"minecraft:oak_stairs":17,"minecraft:potato":12,"minecraft:filled_map":1,"minecraft:oak_log":27,"minecraft:yellow_bed":9,"minecraft:shield":1,"minecraft:dirt":46,"minecraft:bone":2,"minecraft:wheat_seeds":51,"minecraft:cartography_table":1,"minecraft:chest":3,"minecraft:birch_sapling":1,"minecraft:oak_planks":37,"minecraft:egg":6,"minecraft:oak_slab":1,"minecraft:oak_door":1,"minecraft:birch_trapdoor":2,"minecraft:dandelion":1,"minecraft:blast_furnace":4,"minecraft:carrot":24,"minecraft:beetroot_seeds":7,"minecraft:hay_block":12,"minecraft:oak_sapling":2,"minecraft:mutton":1,"minecraft:coal":16,"minecraft:white_wool":1,"minecraft:cobblestone":25}},"DataVersion":3465}