{"stats":{"minecraft:custom":{"minecraft:time_since_rest":2101,"minecraft:open_chest":1,"minecraft:play_time":5999,"minecraft:sprint_one_cm":35796,"minecraft:damage_taken":177,"minecraft:walk_one_cm":16680,"minecraft:walk_under_water_one_cm":373,"minecraft:jump":90,"minecraft:damage_dealt":30,"minecraft:interact_with_blast_furnace":1,"minecraft:walk_on_water_one_cm":715,"minecraft:time_since_death":5999,"minecraft:sleep_in_bed":1,"minecraft:total_world_time":5999,"minecraft:swim_one_cm":1831,"minecraft:interact_with_crafting_table":2,"minecraft:fall_one_cm":1314,"minecraft:fly_one_cm":18328},"minecraft:used":{"minecraft:crafting_table":1,"minecraft:yellow_bed":1,"minecraft:wooden_pickaxe":5},"minecraft:crafted":{"minecraft:oak_planks":12,"minecraft:crafting_table":1,"minecraft:stick":4,"minecraft:stone_pickaxe":1,"minecraft:wooden_pickaxe":1},"minecraft:mined":{"minecraft:grass":2,"minecraft:grass_block":6,"minecraft:potatoes":8,"minecraft:oak_log":3,"minecraft:beetroots":2,"minecraft:chest":1,"minecraft:carrots":6,"minecraft:dirt":12,"minecraft:wheat":11,"minecraft:stone":3,"minecraft:yellow_bed":4},"minecraft:picked_up":{"minecraft:beetroot_seeds":2,"minecraft:wheat_seeds":12,"minecraft:potato":8,"minecraft:oak_log":3,"minecraft:yellow_bed":4,"minecraft:carrot":6,"minecraft:chest":1,"minecraft:dirt":18,"minecraft:cobblestone":3}},"DataVersion":3465}