{"stats":{"minecraft:crafted":{"minecraft:oak_planks":88,"minecraft:fishing_rod":2,"minecraft:leather_boots":1,"minecraft:diamond_hoe":1,"minecraft:furnace":1,"minecraft:bone_meal":6,"minecraft:iron_boots":1,"minecraft:iron_axe":1,"minecraft:stone_pickaxe":1,"minecraft:chest":5,"minecraft:cooked_cod":17,"minecraft:crafting_table":2,"minecraft:wooden_pickaxe":1,"minecraft:iron_helmet":1,"minecraft:iron_sword":1,"minecraft:bucket":1,"minecraft:birch_planks":24,"minecraft:air":0,"minecraft:iron_chestplate":1,"minecraft:shield":5,"minecraft:stick":24,"minecraft:iron_ingot":26,"minecraft:iron_pickaxe":2,"minecraft:iron_leggings":1,"minecraft:iron_shovel":1,"minecraft:gold_ingot":1,"minecraft:torch":72,"minecraft:shears":1},"minecraft:killed_by":{"minecraft:skeleton":1,"minecraft:zombie":1},"minecraft:dropped":{"minecraft:wheat_seeds":9,"minecraft:poisonous_potato":1,"minecraft:cooked_cod":4,"minecraft:potion":1,"minecraft:white_wool":2,"minecraft:lily_pad":1,"minecraft:fishing_rod":1,"minecraft:bucket":1,"minecraft:beetroot":1,"minecraft:salmon":6,"minecraft:carrot":1,"minecraft:filled_map":1,"minecraft:shield":3,"minecraft:beetroot_seeds":1,"minecraft:leather_boots":3},"minecraft:picked_up":{"minecraft:wooden_axe":1,"minecraft:fishing_rod":1,"minecraft:crafting_table":3,"minecraft:wheat":27,"minecraft:potion":5,"minecraft:enchanted_book":1,"minecraft:shield":1,"minecraft:string":6,"minecraft:iron_axe":1,"minecraft:cooked_salmon":1,"minecraft:pufferfish":21,"minecraft:iron_shovel":1,"minecraft:beetroot":34,"minecraft:cobbled_deepslate":55,"minecraft:bucket":1,"minecraft:poppy":2,"minecraft:iron_pickaxe":1,"minecraft:sugar_cane":47,"minecraft:chest":2,"minecraft:birch_sapling":6,"minecraft:diamond_hoe":1,"minecraft:egg":4,"minecraft:stick":29,"minecraft:raw_iron":59,"minecraft:torch":4,"minecraft:bowl":2,"minecraft:diorite":5,"minecraft:carrot":118,"minecraft:tnt":1,"minecraft:arrow":7,"minecraft:rotten_flesh":13,"minecraft:cooked_cod":4,"minecraft:beetroot_seeds":104,"minecraft:pumpkin_pie":1,"minecraft:saddle":1,"minecraft:cod":90,"minecraft:white_wool":2,"minecraft:cobblestone":40,"minecraft:birch_log":26,"minecraft:andesite":1,"minecraft:tripwire_hook":2,"minecraft:water_bucket":1,"minecraft:salmon":46,"minecraft:leather":2,"minecraft:potato":133,"minecraft:flint":2,"minecraft:tuff":1,"minecraft:oak_log":84,"minecraft:lily_pad":7,"minecraft:yellow_bed":1,"minecraft:dirt":200,"minecraft:leather_boots":6,"minecraft:bone":10,"minecraft:apple":4,"minecraft:bow":3,"minecraft:wheat_seeds":119,"minecraft:raw_gold":15,"minecraft:iron_ingot":5,"minecraft:book":2,"minecraft:poisonous_potato":1,"minecraft:gravel":10,"minecraft:sand":10,"minecraft:granite":1,"minecraft:bread":8,"minecraft:baked_potato":33,"minecraft:oak_sapling":33,"minecraft:coal":61},"minecraft:used":{"minecraft:beetroot":2,"minecraft:iron_shovel":185,"minecraft:diamond_hoe":336,"minecraft:chest":7,"minecraft:shield":26,"minecraft:iron_sword":54,"minecraft:cooked_salmon":2,"minecraft:rotten_flesh":5,"minecraft:iron_chestplate":1,"minecraft:torch":71,"minecraft:dirt":164,"minecraft:carrot":103,"minecraft:wooden_axe":33,"minecraft:iron_axe":157,"minecraft:iron_helmet":1,"minecraft:iron_boots":1,"minecraft:oak_sapling":1,"minecraft:furnace":1,"minecraft:cooked_cod":8,"minecraft:beetroot_seeds":103,"minecraft:egg":3,"minecraft:potato":108,"minecraft:cobbled_deepslate":20,"minecraft:iron_leggings":1,"minecraft:wheat_seeds":109,"minecraft:water_bucket":7,"minecraft:stone_pickaxe":8,"minecraft:baked_potato":25,"minecraft:wooden_pickaxe":13,"minecraft:leather_boots":2,"minecraft:sugar_cane":16,"minecraft:tnt":1,"minecraft:crafting_table":5,"minecraft:oak_log":6,"minecraft:bread":10,"minecraft:iron_pickaxe":207,"minecraft:gravel":5,"minecraft:fishing_rod":232,"minecraft:cobblestone":8,"minecraft:potion":4,"minecraft:bucket":7,"minecraft:pumpkin_pie":1,"minecraft:yellow_bed":1,"minecraft:bone_meal":6},"minecraft:killed":{"minecraft:skeleton":5,"minecraft:iron_golem":1,"minecraft:zombie":10},"minecraft:broken":{"minecraft:wooden_axe":1,"minecraft:fishing_rod":1},"minecraft:mined":{"minecraft:tuff":1,"minecraft:farmland":2,"minecraft:granite":1,"minecraft:grass_block":168,"minecraft:carrots":30,"minecraft:iron_ore":30,"minecraft:cobbled_deepslate":2,"minecraft:andesite":1,"minecraft:potatoes":37,"minecraft:deepslate_iron_ore":29,"minecraft:stone":36,"minecraft:crafting_table":3,"minecraft:torch":1,"minecraft:chest":2,"minecraft:tall_grass":15,"minecraft:cobblestone":4,"minecraft:deepslate_gold_ore":15,"minecraft:lily_pad":2,"minecraft:sugar_cane":32,"minecraft:diorite":5,"minecraft:wall_torch":1,"minecraft:birch_log":26,"minecraft:wheat":29,"minecraft:birch_leaves":4,"minecraft:tnt":1,"minecraft:grass":225,"minecraft:oak_log":85,"minecraft:coal_ore":61,"minecraft:beetroots":33,"minecraft:gravel":12,"minecraft:sand":10,"minecraft:dirt":32,"minecraft:oak_leaves":49,"minecraft:deepslate":30},"minecraft:custom":{"minecraft:mob_kills":17,"minecraft:interact_with_crafting_table":38,"minecraft:leave_game":10,"minecraft:time_since_death":8797,"minecraft:climb_one_cm":103,"minecraft:sprint_one_cm":614025,"minecraft:walk_one_cm":637030,"minecraft:damage_blocked_by_shield":2085,"minecraft:drop":35,"minecraft:play_time":258160,"minecraft:deaths":3,"minecraft:sneak_time":804,"minecraft:walk_under_water_one_cm":7892,"minecraft:jump":5696,"minecraft:walk_on_water_one_cm":19330,"minecraft:total_world_time":258160,"minecraft:interact_with_furnace":27,"minecraft:interact_with_cartography_table":1,"minecraft:sleep_in_bed":22,"minecraft:time_since_rest":6941,"minecraft:damage_taken":1908,"minecraft:damage_dealt":4201,"minecraft:swim_one_cm":20725,"minecraft:fly_one_cm":1178772,"minecraft:open_chest":111,"minecraft:crouch_one_cm":1720,"minecraft:fish_caught":157,"minecraft:fall_one_cm":172026}},"DataVersion":3465}