{"stats":{"minecraft:custom":{"minecraft:time_since_rest":612,"minecraft:sprint_one_cm":62888,"minecraft:damage_taken":225,"minecraft:walk_one_cm":37075,"minecraft:mob_kills":4,"minecraft:damage_dealt":1449,"minecraft:swim_one_cm":4221,"minecraft:interact_with_crafting_table":5,"minecraft:interact_with_cartography_table":1,"minecraft:fly_one_cm":151537,"minecraft:open_chest":5,"minecraft:crouch_one_cm":146,"minecraft:play_time":17485,"minecraft:sneak_time":82,"minecraft:walk_under_water_one_cm":1419,"minecraft:jump":625,"minecraft:leave_game":6,"minecraft:sleep_in_bed":1,"minecraft:walk_on_water_one_cm":3747,"minecraft:time_since_death":17485,"minecraft:total_world_time":17485,"minecraft:fall_one_cm":18320},"minecraft:broken":{"minecraft:wooden_axe":1},"minecraft:used":{"minecraft:wooden_axe":33,"minecraft:iron_shovel":27,"minecraft:bread":5,"minecraft:iron_pickaxe":19,"minecraft:wooden_pickaxe":13,"minecraft:rotten_flesh":5,"minecraft:dirt":12,"minecraft:crafting_table":3,"minecraft:oak_sapling":1,"minecraft:egg":1},"minecraft:mined":{"minecraft:crafting_table":2,"minecraft:grass":3,"minecraft:coal_ore":1,"minecraft:grass_block":14,"minecraft:oak_log":5,"minecraft:gravel":1,"minecraft:sand":10,"minecraft:dirt":27,"minecraft:stone":18,"minecraft:sugar_cane":5,"minecraft:oak_leaves":3},"minecraft:crafted":{"minecraft:oak_planks":20,"minecraft:shield":1,"minecraft:iron_axe":1,"minecraft:crafting_table":1,"minecraft:stick":8,"minecraft:iron_pickaxe":1,"minecraft:wooden_pickaxe":1,"minecraft:iron_shovel":1},"minecraft:killed":{"minecraft:zombie":3,"minecraft:iron_golem":1},"minecraft:picked_up":{"minecraft:wooden_axe":1,"minecraft:crafting_table":2,"minecraft:gravel":1,"minecraft:sand":10,"minecraft:oak_log":5,"minecraft:dirt":39,"minecraft:rotten_flesh":5,"minecraft:wheat_seeds":1,"minecraft:iron_ingot":4,"minecraft:poppy":2,"minecraft:oak_sapling":1,"minecraft:sugar_cane":5,"minecraft:coal":1,"minecraft:cobblestone":18,"minecraft:egg":1}},"DataVersion":3465}