{"stats":{"minecraft:crafted":{"minecraft:oak_planks":56,"minecraft:fishing_rod":2,"minecraft:leather_boots":1,"minecraft:diamond_hoe":1,"minecraft:furnace":1,"minecraft:bone_meal":6,"minecraft:iron_boots":1,"minecraft:iron_axe":1,"minecraft:chest":4,"minecraft:cooked_cod":17,"minecraft:crafting_table":2,"minecraft:wooden_pickaxe":1,"minecraft:iron_sword":1,"minecraft:bucket":1,"minecraft:birch_planks":24,"minecraft:air":0,"minecraft:iron_chestplate":1,"minecraft:shield":3,"minecraft:stick":20,"minecraft:iron_ingot":15,"minecraft:iron_pickaxe":1,"minecraft:gold_ingot":1,"minecraft:iron_shovel":1,"minecraft:iron_leggings":1,"minecraft:torch":20,"minecraft:shears":1},"minecraft:killed_by":{"minecraft:skeleton":1},"minecraft:dropped":{"minecraft:wheat_seeds":9,"minecraft:poisonous_potato":1,"minecraft:cooked_cod":4,"minecraft:potion":1,"minecraft:white_wool":2,"minecraft:lily_pad":1,"minecraft:fishing_rod":1,"minecraft:bucket":1,"minecraft:beetroot":1,"minecraft:salmon":6,"minecraft:filled_map":1,"minecraft:shield":3,"minecraft:beetroot_seeds":1,"minecraft:leather_boots":3},"minecraft:picked_up":{"minecraft:wooden_axe":1,"minecraft:fishing_rod":1,"minecraft:crafting_table":3,"minecraft:wheat":27,"minecraft:potion":5,"minecraft:enchanted_book":1,"minecraft:shield":1,"minecraft:string":5,"minecraft:iron_axe":1,"minecraft:cooked_salmon":1,"minecraft:pufferfish":21,"minecraft:iron_shovel":1,"minecraft:beetroot":34,"minecraft:cobbled_deepslate":1,"minecraft:bucket":1,"minecraft:poppy":2,"minecraft:iron_pickaxe":1,"minecraft:sugar_cane":47,"minecraft:chest":2,"minecraft:birch_sapling":6,"minecraft:diamond_hoe":1,"minecraft:egg":4,"minecraft:stick":29,"minecraft:raw_iron":16,"minecraft:torch":2,"minecraft:bowl":2,"minecraft:diorite":5,"minecraft:carrot":118,"minecraft:tnt":1,"minecraft:arrow":2,"minecraft:rotten_flesh":10,"minecraft:cooked_cod":4,"minecraft:beetroot_seeds":104,"minecraft:pumpkin_pie":1,"minecraft:saddle":1,"minecraft:cod":90,"minecraft:white_wool":2,"minecraft:cobblestone":39,"minecraft:birch_log":26,"minecraft:tripwire_hook":2,"minecraft:water_bucket":1,"minecraft:salmon":46,"minecraft:leather":2,"minecraft:potato":133,"minecraft:tuff":1,"minecraft:oak_log":84,"minecraft:lily_pad":7,"minecraft:yellow_bed":1,"minecraft:dirt":200,"minecraft:leather_boots":6,"minecraft:bone":3,"minecraft:apple":4,"minecraft:bow":3,"minecraft:wheat_seeds":119,"minecraft:raw_gold":1,"minecraft:iron_ingot":4,"minecraft:book":2,"minecraft:poisonous_potato":1,"minecraft:gravel":2,"minecraft:sand":10,"minecraft:bread":8,"minecraft:baked_potato":33,"minecraft:oak_sapling":33,"minecraft:coal":61},"minecraft:used":{"minecraft:beetroot":2,"minecraft:iron_shovel":185,"minecraft:diamond_hoe":336,"minecraft:chest":6,"minecraft:shield":5,"minecraft:cooked_salmon":2,"minecraft:rotten_flesh":5,"minecraft:iron_chestplate":1,"minecraft:torch":15,"minecraft:dirt":164,"minecraft:carrot":99,"minecraft:wooden_axe":33,"minecraft:iron_axe":157,"minecraft:iron_boots":1,"minecraft:furnace":1,"minecraft:oak_sapling":1,"minecraft:cooked_cod":8,"minecraft:beetroot_seeds":103,"minecraft:egg":3,"minecraft:potato":108,"minecraft:iron_leggings":1,"minecraft:wheat_seeds":109,"minecraft:water_bucket":7,"minecraft:baked_potato":12,"minecraft:wooden_pickaxe":13,"minecraft:sugar_cane":16,"minecraft:leather_boots":1,"minecraft:tnt":1,"minecraft:crafting_table":5,"minecraft:oak_log":6,"minecraft:bread":10,"minecraft:iron_pickaxe":124,"minecraft:gravel":1,"minecraft:fishing_rod":232,"minecraft:cobblestone":7,"minecraft:potion":4,"minecraft:bucket":7,"minecraft:yellow_bed":1,"minecraft:pumpkin_pie":1,"minecraft:bone_meal":6},"minecraft:killed":{"minecraft:skeleton":1,"minecraft:iron_golem":1,"minecraft:zombie":6},"minecraft:broken":{"minecraft:wooden_axe":1,"minecraft:fishing_rod":1},"minecraft:mined":{"minecraft:tuff":1,"minecraft:farmland":2,"minecraft:grass_block":168,"minecraft:carrots":30,"minecraft:iron_ore":15,"minecraft:potatoes":37,"minecraft:deepslate_iron_ore":1,"minecraft:stone":36,"minecraft:torch":1,"minecraft:crafting_table":3,"minecraft:chest":2,"minecraft:tall_grass":15,"minecraft:cobblestone":3,"minecraft:deepslate_gold_ore":1,"minecraft:lily_pad":2,"minecraft:sugar_cane":32,"minecraft:diorite":5,"minecraft:birch_log":26,"minecraft:wheat":29,"minecraft:birch_leaves":4,"minecraft:tnt":1,"minecraft:grass":225,"minecraft:coal_ore":61,"minecraft:oak_log":85,"minecraft:beetroots":33,"minecraft:gravel":2,"minecraft:sand":10,"minecraft:dirt":32,"minecraft:oak_leaves":49,"minecraft:deepslate":1},"minecraft:custom":{"minecraft:mob_kills":8,"minecraft:interact_with_crafting_table":26,"minecraft:leave_game":9,"minecraft:time_since_death":177164,"minecraft:climb_one_cm":103,"minecraft:sprint_one_cm":489096,"minecraft:walk_one_cm":553996,"minecraft:damage_blocked_by_shield":210,"minecraft:drop":34,"minecraft:play_time":222339,"minecraft:deaths":1,"minecraft:sneak_time":731,"minecraft:walk_under_water_one_cm":6801,"minecraft:jump":4721,"minecraft:walk_on_water_one_cm":15797,"minecraft:total_world_time":222339,"minecraft:interact_with_furnace":20,"minecraft:interact_with_cartography_table":1,"minecraft:sleep_in_bed":19,"minecraft:time_since_rest":10445,"minecraft:damage_taken":791,"minecraft:damage_dealt":2231,"minecraft:swim_one_cm":14144,"minecraft:fly_one_cm":1038541,"minecraft:open_chest":74,"minecraft:crouch_one_cm":1378,"minecraft:fish_caught":157,"minecraft:fall_one_cm":148100}},"DataVersion":3465}