{"stats":{"minecraft:custom":{"minecraft:interact_with_furnace":7,"minecraft:mob_kills":5,"minecraft:interact_with_cartography_table":1,"minecraft:interact_with_crafting_table":16,"minecraft:leave_game":8,"minecraft:time_since_death":32054,"minecraft:sleep_in_bed":4,"minecraft:time_since_rest":5704,"minecraft:sprint_one_cm":199247,"minecraft:damage_taken":475,"minecraft:walk_one_cm":221217,"minecraft:damage_blocked_by_shield":210,"minecraft:drop":10,"minecraft:damage_dealt":1739,"minecraft:swim_one_cm":5399,"minecraft:fly_one_cm":435931,"minecraft:open_chest":15,"minecraft:crouch_one_cm":290,"minecraft:play_time":77229,"minecraft:deaths":1,"minecraft:sneak_time":123,"minecraft:walk_under_water_one_cm":2009,"minecraft:jump":1754,"minecraft:walk_on_water_one_cm":4853,"minecraft:total_world_time":77229,"minecraft:fish_caught":28,"minecraft:fall_one_cm":52894},"minecraft:broken":{"minecraft:wooden_axe":1},"minecraft:killed_by":{"minecraft:skeleton":1},"minecraft:used":{"minecraft:beetroot":2,"minecraft:wheat_seeds":28,"minecraft:water_bucket":7,"minecraft:iron_shovel":152,"minecraft:diamond_hoe":335,"minecraft:wooden_pickaxe":13,"minecraft:chest":3,"minecraft:shield":5,"minecraft:cooked_salmon":2,"minecraft:rotten_flesh":5,"minecraft:dirt":164,"minecraft:tnt":1,"minecraft:crafting_table":5,"minecraft:carrot":24,"minecraft:wooden_axe":33,"minecraft:bread":10,"minecraft:iron_axe":18,"minecraft:iron_pickaxe":19,"minecraft:fishing_rod":42,"minecraft:furnace":1,"minecraft:oak_sapling":1,"minecraft:beetroot_seeds":15,"minecraft:bucket":7,"minecraft:yellow_bed":1,"minecraft:egg":1,"minecraft:potato":26,"minecraft:bone_meal":3},"minecraft:mined":{"minecraft:farmland":2,"minecraft:crafting_table":3,"minecraft:grass_block":137,"minecraft:chest":1,"minecraft:tall_grass":2,"minecraft:sugar_cane":5,"minecraft:carrots":7,"minecraft:birch_log":6,"minecraft:tnt":1,"minecraft:potatoes":7,"minecraft:grass":186,"minecraft:oak_log":10,"minecraft:coal_ore":1,"minecraft:beetroots":3,"minecraft:gravel":1,"minecraft:sand":10,"minecraft:dirt":31,"minecraft:stone":18,"minecraft:oak_leaves":3},"minecraft:crafted":{"minecraft:cooked_cod":8,"minecraft:oak_planks":40,"minecraft:fishing_rod":1,"minecraft:crafting_table":2,"minecraft:diamond_hoe":1,"minecraft:wooden_pickaxe":1,"minecraft:furnace":1,"minecraft:bone_meal":3,"minecraft:bucket":1,"minecraft:birch_planks":24,"minecraft:air":0,"minecraft:shield":3,"minecraft:iron_axe":1,"minecraft:stick":20,"minecraft:iron_ingot":2,"minecraft:iron_pickaxe":1,"minecraft:chest":2,"minecraft:iron_shovel":1,"minecraft:gold_ingot":1},"minecraft:dropped":{"minecraft:beetroot":1,"minecraft:salmon":6,"minecraft:filled_map":1,"minecraft:shield":2},"minecraft:killed":{"minecraft:iron_golem":1,"minecraft:skeleton":1,"minecraft:zombie":3},"minecraft:picked_up":{"minecraft:wooden_axe":1,"minecraft:birch_log":6,"minecraft:crafting_table":3,"minecraft:tripwire_hook":1,"minecraft:salmon":6,"minecraft:potato":26,"minecraft:oak_log":10,"minecraft:yellow_bed":1,"minecraft:shield":1,"minecraft:string":5,"minecraft:dirt":168,"minecraft:iron_axe":1,"minecraft:cooked_salmon":1,"minecraft:pufferfish":3,"minecraft:iron_shovel":1,"minecraft:bone":2,"minecraft:beetroot":3,"minecraft:bow":1,"minecraft:wheat_seeds":28,"minecraft:bucket":1,"minecraft:iron_ingot":4,"minecraft:poppy":2,"minecraft:iron_pickaxe":1,"minecraft:sugar_cane":5,"minecraft:chest":1,"minecraft:diamond_hoe":1,"minecraft:egg":1,"minecraft:book":2,"minecraft:gravel":1,"minecraft:sand":10,"minecraft:carrot":24,"minecraft:tnt":1,"minecraft:arrow":1,"minecraft:rotten_flesh":6,"minecraft:cooked_cod":4,"minecraft:beetroot_seeds":15,"minecraft:bread":3,"minecraft:oak_sapling":1,"minecraft:cod":19,"minecraft:coal":1,"minecraft:cobblestone":18}},"DataVersion":3465}