{"stats":{"minecraft:crafted":{"minecraft:cooked_cod":13,"minecraft:oak_planks":40,"minecraft:fishing_rod":2,"minecraft:leather_boots":1,"minecraft:crafting_table":2,"minecraft:diamond_hoe":1,"minecraft:wooden_pickaxe":1,"minecraft:furnace":1,"minecraft:bone_meal":6,"minecraft:bucket":1,"minecraft:birch_planks":24,"minecraft:air":0,"minecraft:iron_chestplate":1,"minecraft:shield":3,"minecraft:iron_axe":1,"minecraft:stick":20,"minecraft:iron_ingot":2,"minecraft:iron_pickaxe":1,"minecraft:chest":2,"minecraft:iron_shovel":1,"minecraft:gold_ingot":1,"minecraft:torch":20,"minecraft:shears":1},"minecraft:killed_by":{"minecraft:skeleton":1},"minecraft:dropped":{"minecraft:wheat_seeds":9,"minecraft:beetroot":1,"minecraft:salmon":6,"minecraft:filled_map":1,"minecraft:shield":2,"minecraft:cooked_cod":4,"minecraft:leather_boots":1,"minecraft:potion":1,"minecraft:bucket":1,"minecraft:fishing_rod":1,"minecraft:lily_pad":1,"minecraft:white_wool":2},"minecraft:picked_up":{"minecraft:wooden_axe":1,"minecraft:birch_log":6,"minecraft:fishing_rod":1,"minecraft:crafting_table":3,"minecraft:wheat":27,"minecraft:water_bucket":1,"minecraft:tripwire_hook":2,"minecraft:salmon":43,"minecraft:potato":133,"minecraft:enchanted_book":1,"minecraft:potion":3,"minecraft:oak_log":10,"minecraft:lily_pad":7,"minecraft:yellow_bed":1,"minecraft:shield":1,"minecraft:dirt":168,"minecraft:string":5,"minecraft:iron_axe":1,"minecraft:cooked_salmon":1,"minecraft:leather_boots":3,"minecraft:iron_shovel":1,"minecraft:pufferfish":17,"minecraft:bone":2,"minecraft:beetroot":26,"minecraft:bow":3,"minecraft:wheat_seeds":118,"minecraft:bucket":1,"minecraft:iron_ingot":4,"minecraft:poppy":2,"minecraft:iron_pickaxe":1,"minecraft:sugar_cane":16,"minecraft:chest":1,"minecraft:diamond_hoe":1,"minecraft:egg":3,"minecraft:book":2,"minecraft:raw_iron":13,"minecraft:stick":1,"minecraft:torch":1,"minecraft:bowl":2,"minecraft:poisonous_potato":1,"minecraft:gravel":1,"minecraft:sand":10,"minecraft:diorite":5,"minecraft:carrot":118,"minecraft:tnt":1,"minecraft:arrow":1,"minecraft:rotten_flesh":10,"minecraft:cooked_cod":4,"minecraft:beetroot_seeds":83,"minecraft:pumpkin_pie":1,"minecraft:baked_potato":33,"minecraft:saddle":1,"minecraft:bread":8,"minecraft:oak_sapling":1,"minecraft:cod":78,"minecraft:coal":33,"minecraft:white_wool":2,"minecraft:cobblestone":35},"minecraft:used":{"minecraft:beetroot":2,"minecraft:wheat_seeds":109,"minecraft:water_bucket":7,"minecraft:iron_shovel":152,"minecraft:baked_potato":5,"minecraft:diamond_hoe":335,"minecraft:chest":3,"minecraft:wooden_pickaxe":13,"minecraft:shield":5,"minecraft:sugar_cane":16,"minecraft:cooked_salmon":2,"minecraft:rotten_flesh":5,"minecraft:iron_chestplate":1,"minecraft:torch":9,"minecraft:dirt":164,"minecraft:tnt":1,"minecraft:crafting_table":5,"minecraft:carrot":99,"minecraft:wooden_axe":33,"minecraft:iron_axe":27,"minecraft:bread":10,"minecraft:iron_pickaxe":86,"minecraft:fishing_rod":196,"minecraft:cobblestone":5,"minecraft:oak_sapling":1,"minecraft:furnace":1,"minecraft:cooked_cod":5,"minecraft:pumpkin_pie":1,"minecraft:beetroot_seeds":83,"minecraft:bucket":7,"minecraft:egg":1,"minecraft:yellow_bed":1,"minecraft:potato":108,"minecraft:bone_meal":6},"minecraft:killed":{"minecraft:iron_golem":1,"minecraft:skeleton":1,"minecraft:zombie":6},"minecraft:broken":{"minecraft:wooden_axe":1,"minecraft:fishing_rod":1},"minecraft:mined":{"minecraft:farmland":2,"minecraft:crafting_table":3,"minecraft:grass_block":137,"minecraft:chest":1,"minecraft:cobblestone":3,"minecraft:tall_grass":15,"minecraft:lily_pad":2,"minecraft:sugar_cane":16,"minecraft:diorite":5,"minecraft:carrots":30,"minecraft:birch_log":6,"minecraft:iron_ore":13,"minecraft:wheat":29,"minecraft:tnt":1,"minecraft:grass":222,"minecraft:potatoes":37,"minecraft:oak_log":10,"minecraft:coal_ore":33,"minecraft:beetroots":26,"minecraft:gravel":1,"minecraft:sand":10,"minecraft:dirt":31,"minecraft:stone":32,"minecraft:oak_leaves":3},"minecraft:custom":{"minecraft:interact_with_furnace":11,"minecraft:mob_kills":8,"minecraft:interact_with_crafting_table":21,"minecraft:interact_with_cartography_table":1,"minecraft:leave_game":9,"minecraft:time_since_death":135164,"minecraft:sleep_in_bed":15,"minecraft:time_since_rest":9516,"minecraft:sprint_one_cm":373389,"minecraft:damage_taken":621,"minecraft:walk_one_cm":469002,"minecraft:damage_blocked_by_shield":210,"minecraft:drop":29,"minecraft:damage_dealt":2231,"minecraft:swim_one_cm":12767,"minecraft:fly_one_cm":776375,"minecraft:play_time":180339,"minecraft:open_chest":35,"minecraft:crouch_one_cm":750,"minecraft:deaths":1,"minecraft:sneak_time":418,"minecraft:walk_under_water_one_cm":3860,"minecraft:jump":3548,"minecraft:walk_on_water_one_cm":14420,"minecraft:total_world_time":180339,"minecraft:fish_caught":138,"minecraft:fall_one_cm":109555}},"DataVersion":3465}