{"stats":{"minecraft:crafted":{"minecraft:cooked_cod":8,"minecraft:oak_planks":40,"minecraft:fishing_rod":2,"minecraft:leather_boots":1,"minecraft:crafting_table":2,"minecraft:diamond_hoe":1,"minecraft:wooden_pickaxe":1,"minecraft:furnace":1,"minecraft:bone_meal":6,"minecraft:bucket":1,"minecraft:birch_planks":24,"minecraft:air":0,"minecraft:shield":3,"minecraft:iron_axe":1,"minecraft:stick":20,"minecraft:iron_ingot":2,"minecraft:iron_pickaxe":1,"minecraft:chest":2,"minecraft:iron_shovel":1,"minecraft:gold_ingot":1,"minecraft:shears":1},"minecraft:killed_by":{"minecraft:skeleton":1},"minecraft:dropped":{"minecraft:wheat_seeds":9,"minecraft:beetroot":1,"minecraft:salmon":6,"minecraft:filled_map":1,"minecraft:shield":2,"minecraft:cooked_cod":4,"minecraft:leather_boots":1,"minecraft:potion":1,"minecraft:fishing_rod":1,"minecraft:lily_pad":1,"minecraft:white_wool":2},"minecraft:picked_up":{"minecraft:wooden_axe":1,"minecraft:birch_log":6,"minecraft:fishing_rod":1,"minecraft:crafting_table":3,"minecraft:wheat":27,"minecraft:tripwire_hook":2,"minecraft:salmon":35,"minecraft:potato":133,"minecraft:potion":2,"minecraft:oak_log":10,"minecraft:lily_pad":7,"minecraft:yellow_bed":1,"minecraft:shield":1,"minecraft:dirt":168,"minecraft:string":5,"minecraft:iron_axe":1,"minecraft:cooked_salmon":1,"minecraft:leather_boots":3,"minecraft:iron_shovel":1,"minecraft:pufferfish":16,"minecraft:bone":2,"minecraft:beetroot":26,"minecraft:bow":3,"minecraft:wheat_seeds":118,"minecraft:bucket":1,"minecraft:iron_ingot":4,"minecraft:poppy":2,"minecraft:iron_pickaxe":1,"minecraft:sugar_cane":16,"minecraft:chest":1,"minecraft:diamond_hoe":1,"minecraft:egg":2,"minecraft:book":2,"minecraft:stick":1,"minecraft:bowl":1,"minecraft:poisonous_potato":1,"minecraft:gravel":1,"minecraft:sand":10,"minecraft:carrot":118,"minecraft:tnt":1,"minecraft:arrow":1,"minecraft:rotten_flesh":6,"minecraft:cooked_cod":4,"minecraft:beetroot_seeds":83,"minecraft:pumpkin_pie":1,"minecraft:saddle":1,"minecraft:bread":8,"minecraft:oak_sapling":1,"minecraft:cod":67,"minecraft:coal":1,"minecraft:white_wool":2,"minecraft:cobblestone":18},"minecraft:used":{"minecraft:beetroot":2,"minecraft:wheat_seeds":109,"minecraft:water_bucket":7,"minecraft:iron_shovel":152,"minecraft:diamond_hoe":335,"minecraft:chest":3,"minecraft:wooden_pickaxe":13,"minecraft:shield":5,"minecraft:sugar_cane":16,"minecraft:cooked_salmon":2,"minecraft:rotten_flesh":5,"minecraft:dirt":164,"minecraft:tnt":1,"minecraft:crafting_table":5,"minecraft:carrot":99,"minecraft:wooden_axe":33,"minecraft:iron_axe":18,"minecraft:bread":10,"minecraft:iron_pickaxe":19,"minecraft:fishing_rod":169,"minecraft:oak_sapling":1,"minecraft:furnace":1,"minecraft:cooked_cod":4,"minecraft:beetroot_seeds":83,"minecraft:bucket":7,"minecraft:egg":1,"minecraft:yellow_bed":1,"minecraft:potato":108,"minecraft:bone_meal":6},"minecraft:killed":{"minecraft:iron_golem":1,"minecraft:skeleton":1,"minecraft:zombie":3},"minecraft:broken":{"minecraft:wooden_axe":1,"minecraft:fishing_rod":1},"minecraft:mined":{"minecraft:farmland":2,"minecraft:crafting_table":3,"minecraft:grass_block":137,"minecraft:chest":1,"minecraft:tall_grass":15,"minecraft:lily_pad":2,"minecraft:sugar_cane":16,"minecraft:carrots":30,"minecraft:birch_log":6,"minecraft:wheat":29,"minecraft:tnt":1,"minecraft:grass":222,"minecraft:potatoes":37,"minecraft:oak_log":10,"minecraft:coal_ore":1,"minecraft:beetroots":26,"minecraft:gravel":1,"minecraft:sand":10,"minecraft:dirt":31,"minecraft:stone":18,"minecraft:oak_leaves":3},"minecraft:custom":{"minecraft:interact_with_furnace":7,"minecraft:mob_kills":5,"minecraft:interact_with_crafting_table":20,"minecraft:interact_with_cartography_table":1,"minecraft:leave_game":9,"minecraft:time_since_death":111164,"minecraft:sleep_in_bed":11,"minecraft:time_since_rest":12469,"minecraft:sprint_one_cm":298411,"minecraft:damage_taken":515,"minecraft:walk_one_cm":418663,"minecraft:damage_blocked_by_shield":210,"minecraft:drop":28,"minecraft:damage_dealt":1749,"minecraft:swim_one_cm":9400,"minecraft:fly_one_cm":623351,"minecraft:play_time":156339,"minecraft:open_chest":32,"minecraft:crouch_one_cm":327,"minecraft:deaths":1,"minecraft:sneak_time":164,"minecraft:walk_under_water_one_cm":2521,"minecraft:jump":2757,"minecraft:walk_on_water_one_cm":9529,"minecraft:total_world_time":156339,"minecraft:fish_caught":118,"minecraft:fall_one_cm":85706}},"DataVersion":3465}