{"stats":{"minecraft:custom":{"minecraft:time_since_rest":5485,"minecraft:sprint_one_cm":27717,"minecraft:play_time":5485,"minecraft:damage_taken":225,"minecraft:walk_one_cm":14569,"minecraft:mob_kills":3,"minecraft:jump":179,"minecraft:damage_dealt":483,"minecraft:leave_game":6,"minecraft:time_since_death":5485,"minecraft:total_world_time":5485,"minecraft:interact_with_crafting_table":3,"minecraft:fall_one_cm":4718,"minecraft:fly_one_cm":43625},"minecraft:used":{"minecraft:rotten_flesh":3,"minecraft:wooden_axe":12,"minecraft:crafting_table":1,"minecraft:oak_sapling":1,"minecraft:wooden_pickaxe":5},"minecraft:crafted":{"minecraft:oak_planks":20,"minecraft:crafting_table":1,"minecraft:stick":4,"minecraft:wooden_pickaxe":1},"minecraft:mined":{"minecraft:oak_log":5,"minecraft:sugar_cane":5,"minecraft:oak_leaves":3,"minecraft:crafting_table":1},"minecraft:killed":{"minecraft:zombie":3},"minecraft:picked_up":{"minecraft:wooden_axe":1,"minecraft:crafting_table":1,"minecraft:rotten_flesh":3,"minecraft:oak_log":5,"minecraft:oak_sapling":1,"minecraft:sugar_cane":5}},"DataVersion":3465}