{"stats":{"minecraft:crafted":{"minecraft:oak_planks":56,"minecraft:fishing_rod":2,"minecraft:leather_boots":1,"minecraft:diamond_hoe":1,"minecraft:furnace":1,"minecraft:bone_meal":6,"minecraft:iron_boots":1,"minecraft:iron_axe":1,"minecraft:chest":4,"minecraft:cooked_cod":17,"minecraft:crafting_table":2,"minecraft:wooden_pickaxe":1,"minecraft:iron_sword":1,"minecraft:bucket":1,"minecraft:birch_planks":24,"minecraft:air":0,"minecraft:iron_chestplate":1,"minecraft:shield":3,"minecraft:stick":20,"minecraft:iron_ingot":15,"minecraft:iron_pickaxe":1,"minecraft:gold_ingot":1,"minecraft:iron_shovel":1,"minecraft:iron_leggings":1,"minecraft:torch":20,"minecraft:shears":1},"minecraft:killed_by":{"minecraft:skeleton":1},"minecraft:dropped":{"minecraft:wheat_seeds":9,"minecraft:poisonous_potato":1,"minecraft:cooked_cod":4,"minecraft:potion":1,"minecraft:white_wool":2,"minecraft:lily_pad":1,"minecraft:fishing_rod":1,"minecraft:bucket":1,"minecraft:beetroot":1,"minecraft:salmon":6,"minecraft:filled_map":1,"minecraft:shield":3,"minecraft:leather_boots":3},"minecraft:picked_up":{"minecraft:wooden_axe":1,"minecraft:fishing_rod":1,"minecraft:crafting_table":3,"minecraft:wheat":27,"minecraft:potion":5,"minecraft:enchanted_book":1,"minecraft:shield":1,"minecraft:string":5,"minecraft:iron_axe":1,"minecraft:cooked_salmon":1,"minecraft:pufferfish":21,"minecraft:iron_shovel":1,"minecraft:beetroot":26,"minecraft:bucket":1,"minecraft:poppy":2,"minecraft:iron_pickaxe":1,"minecraft:sugar_cane":47,"minecraft:chest":2,"minecraft:birch_sapling":6,"minecraft:diamond_hoe":1,"minecraft:egg":4,"minecraft:stick":29,"minecraft:raw_iron":13,"minecraft:torch":2,"minecraft:bowl":2,"minecraft:diorite":5,"minecraft:carrot":118,"minecraft:tnt":1,"minecraft:arrow":1,"minecraft:rotten_flesh":10,"minecraft:cooked_cod":4,"minecraft:beetroot_seeds":83,"minecraft:pumpkin_pie":1,"minecraft:saddle":1,"minecraft:cod":87,"minecraft:white_wool":2,"minecraft:cobblestone":35,"minecraft:birch_log":26,"minecraft:tripwire_hook":2,"minecraft:water_bucket":1,"minecraft:salmon":46,"minecraft:leather":2,"minecraft:potato":133,"minecraft:oak_log":84,"minecraft:lily_pad":7,"minecraft:yellow_bed":1,"minecraft:dirt":200,"minecraft:leather_boots":6,"minecraft:bone":2,"minecraft:apple":4,"minecraft:bow":3,"minecraft:wheat_seeds":119,"minecraft:iron_ingot":4,"minecraft:book":2,"minecraft:poisonous_potato":1,"minecraft:gravel":1,"minecraft:sand":10,"minecraft:bread":8,"minecraft:baked_potato":33,"minecraft:oak_sapling":33,"minecraft:coal":33},"minecraft:used":{"minecraft:beetroot":2,"minecraft:iron_shovel":185,"minecraft:diamond_hoe":335,"minecraft:chest":6,"minecraft:shield":5,"minecraft:cooked_salmon":2,"minecraft:rotten_flesh":5,"minecraft:iron_chestplate":1,"minecraft:torch":12,"minecraft:dirt":164,"minecraft:carrot":99,"minecraft:wooden_axe":33,"minecraft:iron_axe":156,"minecraft:iron_boots":1,"minecraft:furnace":1,"minecraft:oak_sapling":1,"minecraft:cooked_cod":8,"minecraft:beetroot_seeds":83,"minecraft:egg":3,"minecraft:potato":108,"minecraft:iron_leggings":1,"minecraft:wheat_seeds":109,"minecraft:water_bucket":7,"minecraft:baked_potato":7,"minecraft:wooden_pickaxe":13,"minecraft:sugar_cane":16,"minecraft:leather_boots":1,"minecraft:tnt":1,"minecraft:crafting_table":5,"minecraft:oak_log":6,"minecraft:bread":10,"minecraft:iron_pickaxe":86,"minecraft:fishing_rod":226,"minecraft:cobblestone":5,"minecraft:potion":4,"minecraft:bucket":7,"minecraft:yellow_bed":1,"minecraft:pumpkin_pie":1,"minecraft:bone_meal":6},"minecraft:killed":{"minecraft:skeleton":1,"minecraft:iron_golem":1,"minecraft:zombie":6},"minecraft:broken":{"minecraft:wooden_axe":1,"minecraft:fishing_rod":1},"minecraft:mined":{"minecraft:farmland":2,"minecraft:grass_block":168,"minecraft:carrots":30,"minecraft:iron_ore":13,"minecraft:potatoes":37,"minecraft:stone":32,"minecraft:torch":1,"minecraft:crafting_table":3,"minecraft:chest":2,"minecraft:tall_grass":15,"minecraft:cobblestone":3,"minecraft:lily_pad":2,"minecraft:sugar_cane":32,"minecraft:diorite":5,"minecraft:birch_log":26,"minecraft:wheat":29,"minecraft:birch_leaves":4,"minecraft:tnt":1,"minecraft:grass":223,"minecraft:coal_ore":33,"minecraft:oak_log":85,"minecraft:beetroots":26,"minecraft:gravel":1,"minecraft:sand":10,"minecraft:dirt":32,"minecraft:oak_leaves":49},"minecraft:custom":{"minecraft:mob_kills":8,"minecraft:interact_with_crafting_table":26,"minecraft:leave_game":9,"minecraft:time_since_death":165164,"minecraft:sprint_one_cm":450956,"minecraft:walk_one_cm":528073,"minecraft:damage_blocked_by_shield":210,"minecraft:drop":33,"minecraft:play_time":210339,"minecraft:deaths":1,"minecraft:sneak_time":549,"minecraft:walk_under_water_one_cm":6801,"minecraft:jump":4266,"minecraft:walk_on_water_one_cm":15648,"minecraft:total_world_time":210339,"minecraft:interact_with_furnace":19,"minecraft:interact_with_cartography_table":1,"minecraft:sleep_in_bed":18,"minecraft:time_since_rest":11749,"minecraft:damage_taken":701,"minecraft:damage_dealt":2231,"minecraft:swim_one_cm":14144,"minecraft:fly_one_cm":941910,"minecraft:open_chest":60,"minecraft:crouch_one_cm":1101,"minecraft:fish_caught":154,"minecraft:fall_one_cm":132867}},"DataVersion":3465}