{"stats":{"minecraft:crafted":{"minecraft:oak_planks":88,"minecraft:fishing_rod":2,"minecraft:leather_boots":1,"minecraft:diamond_hoe":1,"minecraft:furnace":1,"minecraft:bone_meal":6,"minecraft:iron_boots":2,"minecraft:iron_axe":2,"minecraft:stone_pickaxe":3,"minecraft:chest":5,"minecraft:cooked_cod":17,"minecraft:crafting_table":2,"minecraft:wooden_pickaxe":1,"minecraft:iron_helmet":1,"minecraft:iron_sword":1,"minecraft:bucket":1,"minecraft:birch_planks":76,"minecraft:air":0,"minecraft:iron_chestplate":2,"minecraft:shield":7,"minecraft:stick":52,"minecraft:iron_ingot":45,"minecraft:iron_pickaxe":3,"minecraft:stone_sword":2,"minecraft:iron_leggings":1,"minecraft:iron_shovel":1,"minecraft:gold_ingot":1,"minecraft:torch":120,"minecraft:shears":1},"minecraft:killed_by":{"minecraft:skeleton":3,"minecraft:zombie":2},"minecraft:dropped":{"minecraft:wheat_seeds":9,"minecraft:poisonous_potato":1,"minecraft:cooked_cod":4,"minecraft:potion":1,"minecraft:white_wool":2,"minecraft:fishing_rod":1,"minecraft:lily_pad":1,"minecraft:bucket":1,"minecraft:beetroot":1,"minecraft:salmon":6,"minecraft:carrot":65,"minecraft:filled_map":1,"minecraft:shield":3,"minecraft:beetroot_seeds":1,"minecraft:leather_boots":3},"minecraft:picked_up":{"minecraft:wooden_axe":1,"minecraft:fishing_rod":1,"minecraft:iron_chestplate":1,"minecraft:crafting_table":3,"minecraft:wheat":27,"minecraft:potion":5,"minecraft:enchanted_book":1,"minecraft:shield":1,"minecraft:string":10,"minecraft:iron_axe":2,"minecraft:cooked_salmon":1,"minecraft:iron_shovel":1,"minecraft:pufferfish":21,"minecraft:beetroot":34,"minecraft:cobbled_deepslate":88,"minecraft:bucket":1,"minecraft:poppy":2,"minecraft:iron_pickaxe":2,"minecraft:sugar_cane":47,"minecraft:chest":2,"minecraft:birch_sapling":6,"minecraft:diamond_hoe":1,"minecraft:iron_boots":1,"minecraft:egg":4,"minecraft:stick":29,"minecraft:raw_iron":80,"minecraft:torch":46,"minecraft:bowl":2,"minecraft:diorite":5,"minecraft:carrot":432,"minecraft:tnt":1,"minecraft:stone_sword":1,"minecraft:arrow":8,"minecraft:rotten_flesh":16,"minecraft:cooked_cod":4,"minecraft:beetroot_seeds":104,"minecraft:pumpkin_pie":1,"minecraft:saddle":1,"minecraft:cod":90,"minecraft:white_wool":2,"minecraft:cobblestone":40,"minecraft:birch_log":26,"minecraft:andesite":1,"minecraft:tripwire_hook":2,"minecraft:water_bucket":1,"minecraft:salmon":46,"minecraft:leather":2,"minecraft:potato":133,"minecraft:birch_planks":2,"minecraft:flint":6,"minecraft:tuff":7,"minecraft:oak_log":84,"minecraft:lily_pad":7,"minecraft:yellow_bed":1,"minecraft:dirt":200,"minecraft:leather_boots":6,"minecraft:bone":13,"minecraft:apple":4,"minecraft:bow":3,"minecraft:wheat_seeds":119,"minecraft:raw_gold":23,"minecraft:stone_pickaxe":1,"minecraft:iron_ingot":5,"minecraft:book":2,"minecraft:poisonous_potato":1,"minecraft:gravel":30,"minecraft:sand":10,"minecraft:spider_eye":2,"minecraft:diamond":2,"minecraft:granite":1,"minecraft:bread":8,"minecraft:baked_potato":33,"minecraft:oak_sapling":33,"minecraft:coal":61},"minecraft:used":{"minecraft:beetroot":2,"minecraft:stone_sword":47,"minecraft:iron_shovel":185,"minecraft:diamond_hoe":336,"minecraft:chest":7,"minecraft:shield":41,"minecraft:iron_sword":54,"minecraft:cooked_salmon":2,"minecraft:rotten_flesh":5,"minecraft:iron_chestplate":3,"minecraft:torch":114,"minecraft:dirt":164,"minecraft:carrot":213,"minecraft:tuff":1,"minecraft:wooden_axe":33,"minecraft:iron_axe":161,"minecraft:iron_helmet":1,"minecraft:iron_boots":2,"minecraft:oak_sapling":1,"minecraft:furnace":1,"minecraft:cooked_cod":8,"minecraft:beetroot_seeds":103,"minecraft:egg":3,"minecraft:potato":108,"minecraft:cobbled_deepslate":35,"minecraft:iron_leggings":1,"minecraft:wheat_seeds":109,"minecraft:water_bucket":7,"minecraft:stone_pickaxe":78,"minecraft:baked_potato":25,"minecraft:wooden_pickaxe":13,"minecraft:leather_boots":2,"minecraft:sugar_cane":16,"minecraft:tnt":1,"minecraft:crafting_table":5,"minecraft:oak_log":6,"minecraft:bread":10,"minecraft:iron_pickaxe":229,"minecraft:gravel":17,"minecraft:fishing_rod":232,"minecraft:cobblestone":8,"minecraft:potion":4,"minecraft:bucket":7,"minecraft:pumpkin_pie":1,"minecraft:yellow_bed":1,"minecraft:bone_meal":6},"minecraft:killed":{"minecraft:spider":4,"minecraft:skeleton":7,"minecraft:iron_golem":1,"minecraft:zombie":16},"minecraft:broken":{"minecraft:wooden_axe":1,"minecraft:fishing_rod":1},"minecraft:mined":{"minecraft:tuff":7,"minecraft:farmland":2,"minecraft:deepslate_diamond_ore":2,"minecraft:granite":1,"minecraft:grass_block":168,"minecraft:carrots":110,"minecraft:iron_ore":30,"minecraft:cobbled_deepslate":8,"minecraft:andesite":1,"minecraft:potatoes":37,"minecraft:deepslate_iron_ore":50,"minecraft:stone":36,"minecraft:crafting_table":3,"minecraft:torch":30,"minecraft:chest":2,"minecraft:tall_grass":15,"minecraft:cobblestone":4,"minecraft:deepslate_gold_ore":23,"minecraft:lily_pad":2,"minecraft:sugar_cane":32,"minecraft:diorite":5,"minecraft:wall_torch":16,"minecraft:birch_log":26,"minecraft:wheat":29,"minecraft:birch_leaves":4,"minecraft:tnt":1,"minecraft:grass":225,"minecraft:oak_log":85,"minecraft:coal_ore":61,"minecraft:beetroots":33,"minecraft:gravel":13,"minecraft:sand":10,"minecraft:dirt":32,"minecraft:oak_leaves":49,"minecraft:deepslate":53},"minecraft:custom":{"minecraft:mob_kills":29,"minecraft:interact_with_crafting_table":55,"minecraft:leave_game":12,"minecraft:time_since_death":8591,"minecraft:climb_one_cm":103,"minecraft:sprint_one_cm":846610,"minecraft:walk_one_cm":746542,"minecraft:damage_blocked_by_shield":2895,"minecraft:drop":36,"minecraft:play_time":306800,"minecraft:deaths":6,"minecraft:sneak_time":1054,"minecraft:walk_under_water_one_cm":8448,"minecraft:jump":7216,"minecraft:walk_on_water_one_cm":31528,"minecraft:total_world_time":306800,"minecraft:interact_with_furnace":45,"minecraft:interact_with_cartography_table":1,"minecraft:sleep_in_bed":24,"minecraft:time_since_rest":8739,"minecraft:damage_taken":3453,"minecraft:damage_dealt":6684,"minecraft:swim_one_cm":27841,"minecraft:fly_one_cm":1400728,"minecraft:open_chest":144,"minecraft:crouch_one_cm":2443,"minecraft:fish_caught":157,"minecraft:fall_one_cm":206913}},"DataVersion":3465}