{"stats":{"minecraft:crafted":{"minecraft:oak_planks":88,"minecraft:fishing_rod":2,"minecraft:leather_boots":1,"minecraft:diamond_hoe":1,"minecraft:furnace":1,"minecraft:bone_meal":6,"minecraft:iron_boots":2,"minecraft:iron_axe":2,"minecraft:stone_pickaxe":3,"minecraft:chest":5,"minecraft:cooked_cod":17,"minecraft:crafting_table":2,"minecraft:wooden_pickaxe":1,"minecraft:iron_helmet":2,"minecraft:iron_sword":1,"minecraft:bucket":1,"minecraft:birch_planks":88,"minecraft:air":0,"minecraft:iron_chestplate":2,"minecraft:charcoal":32,"minecraft:shield":8,"minecraft:stick":64,"minecraft:iron_ingot":75,"minecraft:iron_pickaxe":3,"minecraft:stone_sword":2,"minecraft:iron_leggings":2,"minecraft:iron_shovel":1,"minecraft:gold_ingot":1,"minecraft:torch":184,"minecraft:shears":1},"minecraft:killed_by":{"minecraft:skeleton":3,"minecraft:zombie":2},"minecraft:dropped":{"minecraft:wheat_seeds":10,"minecraft:poisonous_potato":1,"minecraft:cooked_cod":4,"minecraft:potion":1,"minecraft:white_wool":2,"minecraft:fishing_rod":1,"minecraft:lily_pad":1,"minecraft:bucket":1,"minecraft:beetroot":1,"minecraft:salmon":6,"minecraft:carrot":65,"minecraft:filled_map":1,"minecraft:shield":3,"minecraft:beetroot_seeds":1,"minecraft:leather_boots":3},"minecraft:picked_up":{"minecraft:wooden_axe":1,"minecraft:fishing_rod":1,"minecraft:crafting_table":3,"minecraft:iron_chestplate":1,"minecraft:wheat":27,"minecraft:potion":5,"minecraft:enchanted_book":1,"minecraft:shield":1,"minecraft:string":10,"minecraft:iron_axe":2,"minecraft:cooked_salmon":1,"minecraft:iron_shovel":1,"minecraft:pufferfish":21,"minecraft:beetroot":34,"minecraft:cobbled_deepslate":91,"minecraft:bucket":1,"minecraft:poppy":2,"minecraft:iron_pickaxe":2,"minecraft:sugar_cane":79,"minecraft:chest":3,"minecraft:birch_sapling":6,"minecraft:diamond_hoe":1,"minecraft:iron_boots":1,"minecraft:egg":4,"minecraft:stick":29,"minecraft:raw_iron":109,"minecraft:torch":47,"minecraft:bowl":2,"minecraft:diorite":5,"minecraft:carrot":432,"minecraft:tnt":1,"minecraft:stone_sword":1,"minecraft:arrow":8,"minecraft:rotten_flesh":16,"minecraft:cooked_cod":4,"minecraft:beetroot_seeds":104,"minecraft:pumpkin_pie":1,"minecraft:saddle":1,"minecraft:cod":90,"minecraft:white_wool":2,"minecraft:cobblestone":41,"minecraft:birch_log":26,"minecraft:andesite":1,"minecraft:tripwire_hook":2,"minecraft:water_bucket":1,"minecraft:salmon":46,"minecraft:leather":2,"minecraft:potato":133,"minecraft:birch_planks":2,"minecraft:flint":6,"minecraft:tuff":7,"minecraft:oak_log":84,"minecraft:lily_pad":7,"minecraft:yellow_bed":1,"minecraft:dirt":200,"minecraft:leather_boots":6,"minecraft:bone":13,"minecraft:apple":4,"minecraft:bow":3,"minecraft:wheat_seeds":120,"minecraft:raw_gold":23,"minecraft:stone_pickaxe":1,"minecraft:iron_ingot":5,"minecraft:book":2,"minecraft:poisonous_potato":1,"minecraft:gravel":30,"minecraft:sand":10,"minecraft:spider_eye":2,"minecraft:diamond":2,"minecraft:granite":1,"minecraft:bread":8,"minecraft:baked_potato":33,"minecraft:oak_sapling":33,"minecraft:coal":61},"minecraft:used":{"minecraft:beetroot":2,"minecraft:stone_sword":47,"minecraft:iron_shovel":185,"minecraft:diamond_hoe":336,"minecraft:chest":8,"minecraft:shield":41,"minecraft:iron_sword":54,"minecraft:cooked_salmon":2,"minecraft:rotten_flesh":5,"minecraft:iron_chestplate":3,"minecraft:torch":120,"minecraft:dirt":164,"minecraft:carrot":230,"minecraft:tuff":1,"minecraft:wooden_axe":33,"minecraft:iron_axe":162,"minecraft:iron_helmet":2,"minecraft:iron_boots":2,"minecraft:oak_sapling":1,"minecraft:furnace":1,"minecraft:cooked_cod":8,"minecraft:beetroot_seeds":103,"minecraft:egg":3,"minecraft:potato":108,"minecraft:cobbled_deepslate":36,"minecraft:iron_leggings":2,"minecraft:wheat_seeds":109,"minecraft:water_bucket":7,"minecraft:stone_pickaxe":78,"minecraft:baked_potato":25,"minecraft:wooden_pickaxe":13,"minecraft:leather_boots":2,"minecraft:sugar_cane":16,"minecraft:tnt":1,"minecraft:crafting_table":5,"minecraft:oak_log":6,"minecraft:bread":10,"minecraft:iron_pickaxe":262,"minecraft:gravel":17,"minecraft:fishing_rod":232,"minecraft:cobblestone":8,"minecraft:potion":4,"minecraft:bucket":7,"minecraft:pumpkin_pie":1,"minecraft:yellow_bed":1,"minecraft:bone_meal":6},"minecraft:killed":{"minecraft:spider":4,"minecraft:skeleton":7,"minecraft:iron_golem":1,"minecraft:zombie":16},"minecraft:broken":{"minecraft:wooden_axe":1,"minecraft:fishing_rod":1},"minecraft:mined":{"minecraft:tuff":7,"minecraft:farmland":2,"minecraft:deepslate_diamond_ore":2,"minecraft:granite":1,"minecraft:grass_block":168,"minecraft:tall_seagrass":4,"minecraft:carrots":110,"minecraft:iron_ore":32,"minecraft:cobbled_deepslate":9,"minecraft:andesite":1,"minecraft:potatoes":37,"minecraft:deepslate_iron_ore":77,"minecraft:stone":37,"minecraft:crafting_table":3,"minecraft:torch":30,"minecraft:chest":3,"minecraft:tall_grass":15,"minecraft:cobblestone":4,"minecraft:deepslate_gold_ore":23,"minecraft:lily_pad":2,"minecraft:sugar_cane":48,"minecraft:diorite":5,"minecraft:wall_torch":16,"minecraft:birch_log":26,"minecraft:wheat":29,"minecraft:birch_leaves":4,"minecraft:tnt":1,"minecraft:grass":236,"minecraft:oak_log":85,"minecraft:coal_ore":61,"minecraft:beetroots":33,"minecraft:gravel":13,"minecraft:sand":10,"minecraft:dirt":32,"minecraft:oak_leaves":49,"minecraft:deepslate":55},"minecraft:custom":{"minecraft:mob_kills":29,"minecraft:interact_with_crafting_table":60,"minecraft:leave_game":13,"minecraft:time_since_death":37134,"minecraft:climb_one_cm":806,"minecraft:sprint_one_cm":940224,"minecraft:walk_one_cm":776337,"minecraft:damage_blocked_by_shield":2895,"minecraft:drop":37,"minecraft:play_time":335343,"minecraft:deaths":6,"minecraft:sneak_time":1064,"minecraft:walk_under_water_one_cm":8536,"minecraft:jump":8274,"minecraft:walk_on_water_one_cm":32228,"minecraft:total_world_time":335343,"minecraft:interact_with_furnace":66,"minecraft:interact_with_cartography_table":1,"minecraft:sleep_in_bed":26,"minecraft:time_since_rest":2766,"minecraft:damage_taken":3563,"minecraft:damage_dealt":6693,"minecraft:swim_one_cm":32399,"minecraft:fly_one_cm":1650743,"minecraft:open_chest":188,"minecraft:crouch_one_cm":2506,"minecraft:fish_caught":157,"minecraft:fall_one_cm":241894,"minecraft:horse_one_cm":23117}},"DataVersion":3465}