{"stats":{"minecraft:custom":{"minecraft:time_since_rest":13204,"minecraft:interact_with_furnace":3,"minecraft:sprint_one_cm":98972,"minecraft:damage_taken":225,"minecraft:walk_one_cm":86473,"minecraft:mob_kills":4,"minecraft:drop":3,"minecraft:damage_dealt":1449,"minecraft:swim_one_cm":4221,"minecraft:interact_with_crafting_table":9,"minecraft:interact_with_cartography_table":1,"minecraft:fly_one_cm":237762,"minecraft:open_chest":5,"minecraft:crouch_one_cm":290,"minecraft:play_time":30077,"minecraft:sneak_time":115,"minecraft:walk_under_water_one_cm":1419,"minecraft:jump":973,"minecraft:leave_game":7,"minecraft:sleep_in_bed":1,"minecraft:walk_on_water_one_cm":4209,"minecraft:time_since_death":30077,"minecraft:total_world_time":30077,"minecraft:fall_one_cm":30848},"minecraft:broken":{"minecraft:wooden_axe":1},"minecraft:used":{"minecraft:wheat_seeds":19,"minecraft:wooden_axe":33,"minecraft:water_bucket":2,"minecraft:iron_shovel":128,"minecraft:iron_axe":12,"minecraft:bread":7,"minecraft:diamond_hoe":83,"minecraft:iron_pickaxe":19,"minecraft:wooden_pickaxe":13,"minecraft:rotten_flesh":5,"minecraft:dirt":12,"minecraft:crafting_table":4,"minecraft:oak_sapling":1,"minecraft:bucket":2,"minecraft:egg":1},"minecraft:mined":{"minecraft:birch_log":6,"minecraft:crafting_table":3,"minecraft:grass":138,"minecraft:coal_ore":1,"minecraft:grass_block":115,"minecraft:oak_log":10,"minecraft:gravel":1,"minecraft:sand":10,"minecraft:dirt":29,"minecraft:stone":18,"minecraft:sugar_cane":5,"minecraft:oak_leaves":3},"minecraft:crafted":{"minecraft:oak_planks":20,"minecraft:shield":3,"minecraft:iron_axe":1,"minecraft:crafting_table":2,"minecraft:stick":12,"minecraft:diamond_hoe":1,"minecraft:iron_pickaxe":1,"minecraft:wooden_pickaxe":1,"minecraft:iron_shovel":1,"minecraft:bucket":1,"minecraft:birch_planks":24},"minecraft:dropped":{"minecraft:shield":2,"minecraft:filled_map":1},"minecraft:killed":{"minecraft:zombie":3,"minecraft:iron_golem":1},"minecraft:picked_up":{"minecraft:wooden_axe":1,"minecraft:birch_log":6,"minecraft:crafting_table":3,"minecraft:potato":3,"minecraft:gravel":1,"minecraft:sand":10,"minecraft:oak_log":10,"minecraft:carrot":2,"minecraft:dirt":142,"minecraft:rotten_flesh":5,"minecraft:wheat_seeds":19,"minecraft:iron_ingot":4,"minecraft:poppy":2,"minecraft:oak_sapling":1,"minecraft:sugar_cane":5,"minecraft:coal":1,"minecraft:cobblestone":18,"minecraft:egg":1}},"DataVersion":3465}