{"stats":{"minecraft:custom":{"minecraft:interact_with_furnace":7,"minecraft:mob_kills":5,"minecraft:interact_with_cartography_table":1,"minecraft:interact_with_crafting_table":17,"minecraft:leave_game":8,"minecraft:time_since_death":74054,"minecraft:sleep_in_bed":8,"minecraft:time_since_rest":8993,"minecraft:sprint_one_cm":246701,"minecraft:damage_taken":515,"minecraft:walk_one_cm":325070,"minecraft:damage_blocked_by_shield":210,"minecraft:drop":16,"minecraft:damage_dealt":1739,"minecraft:swim_one_cm":7157,"minecraft:fly_one_cm":518019,"minecraft:open_chest":21,"minecraft:crouch_one_cm":327,"minecraft:play_time":119229,"minecraft:deaths":1,"minecraft:sneak_time":154,"minecraft:walk_under_water_one_cm":2104,"minecraft:jump":2220,"minecraft:walk_on_water_one_cm":8197,"minecraft:total_world_time":119229,"minecraft:fish_caught":76,"minecraft:fall_one_cm":67164},"minecraft:broken":{"minecraft:wooden_axe":1,"minecraft:fishing_rod":1},"minecraft:killed_by":{"minecraft:skeleton":1},"minecraft:used":{"minecraft:beetroot":2,"minecraft:wheat_seeds":102,"minecraft:water_bucket":7,"minecraft:iron_shovel":152,"minecraft:diamond_hoe":335,"minecraft:wooden_pickaxe":13,"minecraft:chest":3,"minecraft:shield":5,"minecraft:sugar_cane":10,"minecraft:cooked_salmon":2,"minecraft:rotten_flesh":5,"minecraft:dirt":164,"minecraft:tnt":1,"minecraft:crafting_table":5,"minecraft:carrot":88,"minecraft:wooden_axe":33,"minecraft:bread":10,"minecraft:iron_axe":18,"minecraft:iron_pickaxe":19,"minecraft:fishing_rod":106,"minecraft:furnace":1,"minecraft:oak_sapling":1,"minecraft:cooked_cod":3,"minecraft:beetroot_seeds":51,"minecraft:bucket":7,"minecraft:yellow_bed":1,"minecraft:egg":1,"minecraft:potato":66,"minecraft:bone_meal":6},"minecraft:mined":{"minecraft:farmland":2,"minecraft:crafting_table":3,"minecraft:grass_block":137,"minecraft:chest":1,"minecraft:tall_grass":15,"minecraft:lily_pad":2,"minecraft:sugar_cane":10,"minecraft:carrots":23,"minecraft:birch_log":6,"minecraft:wheat":23,"minecraft:tnt":1,"minecraft:potatoes":18,"minecraft:grass":222,"minecraft:oak_log":10,"minecraft:coal_ore":1,"minecraft:beetroots":15,"minecraft:gravel":1,"minecraft:sand":10,"minecraft:dirt":31,"minecraft:stone":18,"minecraft:oak_leaves":3},"minecraft:crafted":{"minecraft:cooked_cod":8,"minecraft:oak_planks":40,"minecraft:fishing_rod":2,"minecraft:crafting_table":2,"minecraft:diamond_hoe":1,"minecraft:wooden_pickaxe":1,"minecraft:furnace":1,"minecraft:bone_meal":6,"minecraft:bucket":1,"minecraft:birch_planks":24,"minecraft:air":0,"minecraft:shield":3,"minecraft:iron_axe":1,"minecraft:stick":20,"minecraft:iron_ingot":2,"minecraft:iron_pickaxe":1,"minecraft:chest":2,"minecraft:iron_shovel":1,"minecraft:gold_ingot":1},"minecraft:dropped":{"minecraft:beetroot":1,"minecraft:salmon":6,"minecraft:filled_map":1,"minecraft:shield":2,"minecraft:cooked_cod":4,"minecraft:potion":1,"minecraft:lily_pad":1},"minecraft:killed":{"minecraft:iron_golem":1,"minecraft:skeleton":1,"minecraft:zombie":3},"minecraft:picked_up":{"minecraft:wooden_axe":1,"minecraft:birch_log":6,"minecraft:crafting_table":3,"minecraft:wheat":21,"minecraft:tripwire_hook":2,"minecraft:salmon":22,"minecraft:potato":66,"minecraft:potion":1,"minecraft:lily_pad":6,"minecraft:oak_log":10,"minecraft:yellow_bed":1,"minecraft:shield":1,"minecraft:string":5,"minecraft:dirt":168,"minecraft:iron_axe":1,"minecraft:cooked_salmon":1,"minecraft:leather_boots":2,"minecraft:pufferfish":10,"minecraft:iron_shovel":1,"minecraft:bone":2,"minecraft:beetroot":15,"minecraft:bow":2,"minecraft:wheat_seeds":102,"minecraft:bucket":1,"minecraft:iron_ingot":4,"minecraft:poppy":2,"minecraft:iron_pickaxe":1,"minecraft:sugar_cane":10,"minecraft:chest":1,"minecraft:diamond_hoe":1,"minecraft:egg":1,"minecraft:book":2,"minecraft:gravel":1,"minecraft:sand":10,"minecraft:carrot":88,"minecraft:tnt":1,"minecraft:arrow":1,"minecraft:rotten_flesh":6,"minecraft:cooked_cod":4,"minecraft:beetroot_seeds":51,"minecraft:pumpkin_pie":1,"minecraft:bread":3,"minecraft:oak_sapling":1,"minecraft:cod":44,"minecraft:coal":1,"minecraft:cobblestone":18}},"DataVersion":3465}