{"stats":{"minecraft:crafted":{"minecraft:oak_planks":92,"minecraft:fishing_rod":2,"minecraft:leather_boots":1,"minecraft:diamond_hoe":1,"minecraft:furnace":1,"minecraft:stone":17,"minecraft:bone_meal":6,"minecraft:hopper":1,"minecraft:stone_brick_slab":6,"minecraft:iron_boots":2,"minecraft:iron_axe":2,"minecraft:stone_pickaxe":3,"minecraft:chest":9,"minecraft:iron_door":3,"minecraft:stone_bricks":16,"minecraft:cooked_cod":17,"minecraft:crafting_table":2,"minecraft:wooden_pickaxe":1,"minecraft:iron_helmet":2,"minecraft:iron_sword":1,"minecraft:bucket":2,"minecraft:birch_planks":88,"minecraft:air":0,"minecraft:stone_brick_stairs":4,"minecraft:iron_chestplate":2,"minecraft:charcoal":32,"minecraft:shield":8,"minecraft:stick":64,"minecraft:iron_ingot":75,"minecraft:iron_pickaxe":3,"minecraft:stone_sword":2,"minecraft:iron_shovel":1,"minecraft:iron_leggings":2,"minecraft:gold_ingot":1,"minecraft:note_block":1,"minecraft:torch":184,"minecraft:shears":1},"minecraft:killed_by":{"minecraft:skeleton":3,"minecraft:zombie":2},"minecraft:dropped":{"minecraft:wheat_seeds":10,"minecraft:poisonous_potato":1,"minecraft:cooked_cod":4,"minecraft:potion":1,"minecraft:white_wool":2,"minecraft:fishing_rod":1,"minecraft:lily_pad":1,"minecraft:bucket":1,"minecraft:beetroot":1,"minecraft:salmon":6,"minecraft:carrot":65,"minecraft:filled_map":1,"minecraft:shield":3,"minecraft:beetroot_seeds":1,"minecraft:leather_boots":3},"minecraft:picked_up":{"minecraft:wooden_axe":1,"minecraft:fishing_rod":1,"minecraft:crafting_table":3,"minecraft:iron_chestplate":1,"minecraft:wheat":27,"minecraft:potion":6,"minecraft:enchanted_book":1,"minecraft:stone_brick_stairs":7,"minecraft:shield":1,"minecraft:cornflower":1,"minecraft:string":11,"minecraft:iron_axe":2,"minecraft:cooked_salmon":1,"minecraft:iron_shovel":1,"minecraft:pufferfish":28,"minecraft:beetroot":34,"minecraft:cobbled_deepslate":91,"minecraft:bucket":1,"minecraft:poppy":2,"minecraft:iron_pickaxe":2,"minecraft:sugar_cane":79,"minecraft:chest":6,"minecraft:birch_sapling":6,"minecraft:diamond_hoe":1,"minecraft:iron_boots":1,"minecraft:egg":4,"minecraft:stick":30,"minecraft:raw_iron":109,"minecraft:torch":47,"minecraft:bowl":2,"minecraft:note_block":1,"minecraft:diorite":5,"minecraft:carrot":432,"minecraft:redstone":1,"minecraft:tnt":1,"minecraft:stone_sword":1,"minecraft:arrow":8,"minecraft:rotten_flesh":16,"minecraft:cooked_cod":4,"minecraft:tropical_fish":1,"minecraft:beetroot_seeds":104,"minecraft:pumpkin_pie":1,"minecraft:saddle":1,"minecraft:cod":103,"minecraft:white_wool":2,"minecraft:cobblestone":54,"minecraft:birch_log":26,"minecraft:andesite":1,"minecraft:iron_door":1,"minecraft:tripwire_hook":3,"minecraft:water_bucket":1,"minecraft:salmon":54,"minecraft:leather":2,"minecraft:potato":133,"minecraft:birch_planks":2,"minecraft:flint":6,"minecraft:tuff":7,"minecraft:oak_log":84,"minecraft:lily_pad":8,"minecraft:yellow_bed":1,"minecraft:dirt":211,"minecraft:leather_boots":8,"minecraft:bone":13,"minecraft:apple":4,"minecraft:stone_bricks":11,"minecraft:bow":3,"minecraft:wheat_seeds":120,"minecraft:raw_gold":23,"minecraft:stone_pickaxe":1,"minecraft:iron_ingot":5,"minecraft:book":2,"minecraft:stone_brick_slab":5,"minecraft:dandelion":1,"minecraft:poisonous_potato":1,"minecraft:gravel":30,"minecraft:sand":10,"minecraft:spider_eye":2,"minecraft:diamond":2,"minecraft:granite":6,"minecraft:bread":8,"minecraft:baked_potato":33,"minecraft:oak_sapling":33,"minecraft:coal":75,"minecraft:hopper":1},"minecraft:used":{"minecraft:beetroot":2,"minecraft:stone_sword":47,"minecraft:iron_shovel":185,"minecraft:redstone":1,"minecraft:diamond_hoe":336,"minecraft:chest":14,"minecraft:shield":41,"minecraft:iron_sword":54,"minecraft:cooked_salmon":2,"minecraft:rotten_flesh":5,"minecraft:iron_chestplate":3,"minecraft:torch":120,"minecraft:dirt":164,"minecraft:hopper":1,"minecraft:carrot":234,"minecraft:tuff":1,"minecraft:wooden_axe":33,"minecraft:stone_brick_slab":6,"minecraft:iron_axe":166,"minecraft:iron_helmet":2,"minecraft:iron_boots":2,"minecraft:stone_brick_stairs":7,"minecraft:stone_bricks":11,"minecraft:tripwire_hook":2,"minecraft:oak_sapling":1,"minecraft:furnace":1,"minecraft:cooked_cod":8,"minecraft:beetroot_seeds":103,"minecraft:egg":3,"minecraft:potato":108,"minecraft:cobbled_deepslate":36,"minecraft:iron_leggings":2,"minecraft:wheat_seeds":109,"minecraft:water_bucket":9,"minecraft:stone_pickaxe":78,"minecraft:baked_potato":25,"minecraft:wooden_pickaxe":13,"minecraft:sugar_cane":16,"minecraft:leather_boots":2,"minecraft:tnt":1,"minecraft:crafting_table":5,"minecraft:note_block":1,"minecraft:oak_log":6,"minecraft:cornflower":1,"minecraft:iron_pickaxe":327,"minecraft:bread":10,"minecraft:string":1,"minecraft:gravel":17,"minecraft:iron_door":1,"minecraft:fishing_rod":366,"minecraft:potion":5,"minecraft:cobblestone":8,"minecraft:bucket":10,"minecraft:pumpkin_pie":1,"minecraft:yellow_bed":1,"minecraft:dandelion":1,"minecraft:bone_meal":6},"minecraft:killed":{"minecraft:spider":4,"minecraft:skeleton":7,"minecraft:iron_golem":1,"minecraft:zombie":16},"minecraft:broken":{"minecraft:wooden_axe":1,"minecraft:fishing_rod":1},"minecraft:mined":{"minecraft:tuff":7,"minecraft:farmland":2,"minecraft:deepslate_diamond_ore":2,"minecraft:granite":6,"minecraft:grass_block":179,"minecraft:redstone_wire":1,"minecraft:hopper":1,"minecraft:tall_seagrass":4,"minecraft:carrots":110,"minecraft:iron_ore":32,"minecraft:cobbled_deepslate":9,"minecraft:andesite":1,"minecraft:potatoes":37,"minecraft:deepslate_iron_ore":77,"minecraft:stone":52,"minecraft:tripwire":1,"minecraft:stone_brick_slab":6,"minecraft:crafting_table":3,"minecraft:torch":30,"minecraft:note_block":1,"minecraft:chest":6,"minecraft:tall_grass":15,"minecraft:cobblestone":4,"minecraft:deepslate_gold_ore":23,"minecraft:lily_pad":2,"minecraft:sugar_cane":48,"minecraft:diorite":5,"minecraft:iron_door":1,"minecraft:wall_torch":16,"minecraft:birch_log":26,"minecraft:wheat":29,"minecraft:birch_leaves":4,"minecraft:tnt":1,"minecraft:stone_brick_stairs":7,"minecraft:grass":237,"minecraft:oak_log":85,"minecraft:coal_ore":76,"minecraft:beetroots":33,"minecraft:gravel":13,"minecraft:sand":10,"minecraft:dirt":32,"minecraft:tripwire_hook":2,"minecraft:stone_bricks":11,"minecraft:oak_leaves":49,"minecraft:deepslate":55},"minecraft:custom":{"minecraft:mob_kills":29,"minecraft:inspect_hopper":2,"minecraft:interact_with_crafting_table":75,"minecraft:open_barrel":3,"minecraft:leave_game":15,"minecraft:time_since_death":80748,"minecraft:climb_one_cm":1517,"minecraft:sprint_one_cm":993689,"minecraft:walk_one_cm":852526,"minecraft:damage_blocked_by_shield":2895,"minecraft:drop":37,"minecraft:play_noteblock":1,"minecraft:play_time":378957,"minecraft:sneak_time":1918,"minecraft:deaths":6,"minecraft:walk_under_water_one_cm":8536,"minecraft:jump":8719,"minecraft:walk_on_water_one_cm":32708,"minecraft:total_world_time":378957,"minecraft:interact_with_furnace":77,"minecraft:interact_with_cartography_table":1,"minecraft:tune_noteblock":436,"minecraft:sleep_in_bed":29,"minecraft:time_since_rest":13048,"minecraft:damage_taken":3563,"minecraft:damage_dealt":6693,"minecraft:swim_one_cm":32399,"minecraft:fly_one_cm":1742170,"minecraft:open_chest":257,"minecraft:crouch_one_cm":4100,"minecraft:fish_caught":189,"minecraft:fall_one_cm":251827,"minecraft:horse_one_cm":23117}},"DataVersion":3465}