{"stats":{"minecraft:crafted":{"minecraft:brick":3,"minecraft:oak_door":3,"minecraft:oak_slab":24,"minecraft:oak_planks":120,"minecraft:wooden_shovel":1,"minecraft:stone_shovel":1,"minecraft:crafting_table":1,"minecraft:birch_slab":6,"minecraft:furnace":2,"minecraft:birch_planks":44,"minecraft:stone_axe":1,"minecraft:air":0,"minecraft:terracotta":1,"minecraft:charcoal":1,"minecraft:shield":1,"minecraft:stick":16,"minecraft:iron_ingot":4,"minecraft:iron_pickaxe":1,"minecraft:stone_pickaxe":1,"minecraft:oak_stairs":28,"minecraft:stone_sword":2,"minecraft:chest":6,"minecraft:torch":12,"minecraft:stone_hoe":1,"minecraft:clay":6,"minecraft:flower_pot":1},"minecraft:dropped":{"minecraft:stone_pickaxe":1},"minecraft:picked_up":{"minecraft:birch_log":11,"minecraft:crafting_table":4,"minecraft:salmon":14,"minecraft:birch_slab":3,"minecraft:clay_ball":61,"minecraft:leather":13,"minecraft:potato":6,"minecraft:oak_stairs":13,"minecraft:birch_planks":14,"minecraft:tuff":6,"minecraft:oak_log":36,"minecraft:yellow_bed":9,"minecraft:lapis_lazuli":8,"minecraft:dirt":272,"minecraft:stonecutter":1,"minecraft:wheat_seeds":6,"minecraft:cobbled_deepslate":18,"minecraft:raw_gold":16,"minecraft:beef":16,"minecraft:stone_pickaxe":1,"minecraft:rose_bush":2,"minecraft:rabbit":1,"minecraft:sugar_cane":8,"minecraft:chest":13,"minecraft:birch_sapling":8,"minecraft:oak_planks":20,"minecraft:egg":1,"minecraft:furnace":1,"minecraft:oak_slab":3,"minecraft:stick":2,"minecraft:raw_iron":23,"minecraft:oak_door":3,"minecraft:sweet_berries":6,"minecraft:torch":1,"minecraft:dripstone_block":3,"minecraft:gravel":6,"minecraft:sand":2,"minecraft:pointed_dripstone":9,"minecraft:white_bed":1,"minecraft:carrot":100,"minecraft:lily_of_the_valley":1,"minecraft:rotten_flesh":1,"minecraft:bone_meal":1,"minecraft:oak_sapling":5,"minecraft:coal":43,"minecraft:cobblestone":53},"minecraft:used":{"minecraft:wheat_seeds":5,"minecraft:stone_sword":116,"minecraft:rose_bush":2,"minecraft:birch_planks":25,"minecraft:stone_shovel":70,"minecraft:stone_pickaxe":78,"minecraft:oak_planks":31,"minecraft:chest":19,"minecraft:wooden_shovel":60,"minecraft:clay":5,"minecraft:stone_hoe":25,"minecraft:oak_door":2,"minecraft:torch":10,"minecraft:dirt":73,"minecraft:oak_slab":27,"minecraft:crafting_table":5,"minecraft:carrot":48,"minecraft:white_bed":1,"minecraft:oak_log":3,"minecraft:flower_pot":1,"minecraft:birch_slab":7,"minecraft:oak_stairs":34,"minecraft:iron_pickaxe":82,"minecraft:birch_sapling":8,"minecraft:stone_axe":107,"minecraft:oak_sapling":4,"minecraft:furnace":3,"minecraft:yellow_bed":9,"minecraft:egg":1,"minecraft:potato":2,"minecraft:cobbled_deepslate":3},"minecraft:killed":{"minecraft:salmon":14,"minecraft:rabbit":1,"minecraft:zombie":1,"minecraft:cow":9},"minecraft:broken":{"minecraft:wooden_shovel":1,"minecraft:stone_sword":1},"minecraft:mined":{"minecraft:white_bed":1,"minecraft:oak_slab":2,"minecraft:tuff":6,"minecraft:oak_sapling":1,"minecraft:lily_of_the_valley":1,"minecraft:oak_door":1,"minecraft:clay":11,"minecraft:crafting_table":4,"minecraft:torch":1,"minecraft:grass_block":135,"minecraft:chest":13,"minecraft:rose_bush":2,"minecraft:birch_slab":3,"minecraft:deepslate_gold_ore":16,"minecraft:sugar_cane":5,"minecraft:oak_planks":20,"minecraft:large_fern":4,"minecraft:birch_sapling":3,"minecraft:tall_seagrass":1,"minecraft:birch_planks":14,"minecraft:furnace":1,"minecraft:carrots":10,"minecraft:iron_ore":1,"minecraft:birch_log":11,"minecraft:birch_leaves":67,"minecraft:deepslate_lapis_ore":1,"minecraft:yellow_bed":9,"minecraft:grass":50,"minecraft:pointed_dripstone":6,"minecraft:potatoes":2,"minecraft:oak_log":36,"minecraft:coal_ore":43,"minecraft:deepslate_iron_ore":22,"minecraft:oak_stairs":9,"minecraft:dripstone_block":3,"minecraft:sand":1,"minecraft:gravel":3,"minecraft:dirt":40,"minecraft:stonecutter":1,"minecraft:stone":37,"minecraft:oak_leaves":15,"minecraft:deepslate":18},"minecraft:custom":{"minecraft:interact_with_furnace":23,"minecraft:mob_kills":26,"minecraft:interact_with_crafting_table":35,"minecraft:leave_game":2,"minecraft:time_since_death":98603,"minecraft:sleep_in_bed":6,"minecraft:climb_one_cm":780,"minecraft:time_since_rest":0,"minecraft:sprint_one_cm":277291,"minecraft:damage_taken":270,"minecraft:walk_one_cm":289654,"minecraft:drop":1,"minecraft:damage_dealt":1557,"minecraft:swim_one_cm":11911,"minecraft:fly_one_cm":268362,"minecraft:open_chest":63,"minecraft:crouch_one_cm":6288,"minecraft:play_time":98603,"minecraft:sneak_time":2232,"minecraft:walk_under_water_one_cm":9106,"minecraft:jump":1352,"minecraft:walk_on_water_one_cm":11848,"minecraft:total_world_time":98603,"minecraft:fall_one_cm":25021}},"DataVersion":3465}