{"stats":{"minecraft:crafted":{"minecraft:stone_sword":1,"minecraft:oak_slab":24,"minecraft:oak_planks":48,"minecraft:stone_axe":1,"minecraft:crafting_table":1,"minecraft:stick":8,"minecraft:stone_pickaxe":1},"minecraft:picked_up":{"minecraft:wheat_seeds":2,"minecraft:potato":4,"minecraft:oak_log":12,"minecraft:yellow_bed":2,"minecraft:carrot":35,"minecraft:oak_sapling":3,"minecraft:dirt":16},"minecraft:used":{"minecraft:oak_sapling":3,"minecraft:carrot":17,"minecraft:yellow_bed":1,"minecraft:potato":2},"minecraft:mined":{"minecraft:grass":12,"minecraft:grass_block":17,"minecraft:potatoes":2,"minecraft:oak_log":12,"minecraft:oak_sapling":1,"minecraft:carrots":10,"minecraft:yellow_bed":2},"minecraft:custom":{"minecraft:time_since_rest":10445,"minecraft:open_chest":9,"minecraft:crouch_one_cm":383,"minecraft:interact_with_furnace":1,"minecraft:play_time":15513,"minecraft:sprint_one_cm":60378,"minecraft:damage_taken":110,"minecraft:walk_one_cm":38438,"minecraft:sneak_time":70,"minecraft:mob_kills":1,"minecraft:jump":389,"minecraft:damage_dealt":18,"minecraft:time_since_death":15513,"minecraft:sleep_in_bed":1,"minecraft:total_world_time":15513,"minecraft:climb_one_cm":780,"minecraft:interact_with_crafting_table":6,"minecraft:fall_one_cm":11014,"minecraft:fly_one_cm":115759}},"DataVersion":3465}