{"stats":{"minecraft:crafted":{"minecraft:brick":3,"minecraft:cherry_planks":68,"minecraft:oak_door":3,"minecraft:oak_planks":260,"minecraft:cobblestone_slab":6,"minecraft:stone_shovel":1,"minecraft:cherry_slab":42,"minecraft:birch_slab":12,"minecraft:furnace":2,"minecraft:terracotta":1,"minecraft:iron_boots":1,"minecraft:ladder":6,"minecraft:stone_pickaxe":2,"minecraft:chest":15,"minecraft:stone_hoe":1,"minecraft:oak_fence":15,"minecraft:flower_pot":1,"minecraft:cooked_beef":16,"minecraft:oak_slab":24,"minecraft:wooden_shovel":1,"minecraft:crafting_table":3,"minecraft:iron_helmet":1,"minecraft:birch_planks":44,"minecraft:stone_axe":3,"minecraft:air":0,"minecraft:oak_fence_gate":1,"minecraft:oak_boat":1,"minecraft:iron_chestplate":1,"minecraft:charcoal":1,"minecraft:shield":1,"minecraft:stick":60,"minecraft:iron_ingot":32,"minecraft:iron_pickaxe":2,"minecraft:oak_stairs":28,"minecraft:stone_sword":3,"minecraft:iron_leggings":1,"minecraft:gold_ingot":16,"minecraft:torch":60,"minecraft:clay":6},"minecraft:dropped":{"minecraft:wheat_seeds":1,"minecraft:stone_sword":1,"minecraft:stone_pickaxe":1},"minecraft:picked_up":{"minecraft:crafting_table":7,"minecraft:wheat":12,"minecraft:clay_ball":78,"minecraft:oak_stairs":17,"minecraft:cobbled_deepslate":28,"minecraft:beef":49,"minecraft:cobblestone_slab":2,"minecraft:rose_bush":2,"minecraft:oak_boat":4,"minecraft:sugar_cane":8,"minecraft:chest":23,"minecraft:birch_sapling":10,"minecraft:egg":5,"minecraft:furnace":3,"minecraft:stick":9,"minecraft:raw_iron":37,"minecraft:oak_door":5,"minecraft:oak_fence":12,"minecraft:torch":2,"minecraft:cherry_log":17,"minecraft:pointed_dripstone":18,"minecraft:diorite":47,"minecraft:carrot":131,"minecraft:arrow":2,"minecraft:rotten_flesh":1,"minecraft:stone_shovel":1,"minecraft:gold_ingot":16,"minecraft:snowball":64,"minecraft:cobblestone":333,"minecraft:birch_log":36,"minecraft:pink_petals":897,"minecraft:cherry_planks":17,"minecraft:birch_slab":12,"minecraft:salmon":28,"minecraft:leather":43,"minecraft:potato":6,"minecraft:birch_planks":21,"minecraft:tuff":12,"minecraft:oak_log":113,"minecraft:yellow_bed":13,"minecraft:lapis_lazuli":16,"minecraft:dirt":422,"minecraft:bone":1,"minecraft:apple":14,"minecraft:stonecutter":4,"minecraft:wheat_seeds":38,"minecraft:raw_gold":16,"minecraft:stone_pickaxe":1,"minecraft:oak_fence_gate":1,"minecraft:rabbit":2,"minecraft:stone_hoe":1,"minecraft:oak_planks":29,"minecraft:oak_slab":3,"minecraft:sweet_berries":20,"minecraft:gravel":9,"minecraft:dripstone_block":3,"minecraft:sand":4,"minecraft:white_bed":5,"minecraft:lily_of_the_valley":1,"minecraft:bone_meal":1,"minecraft:cherry_sapling":1,"minecraft:terracotta":1,"minecraft:cherry_slab":1,"minecraft:oak_sapling":10,"minecraft:coal":338},"minecraft:used":{"minecraft:oak_fence":27,"minecraft:cherry_sapling":1,"minecraft:rose_bush":2,"minecraft:stone_sword":340,"minecraft:stone_shovel":85,"minecraft:ladder":5,"minecraft:chest":38,"minecraft:wooden_shovel":60,"minecraft:stone_hoe":25,"minecraft:oak_door":2,"minecraft:torch":24,"minecraft:dirt":157,"minecraft:carrot":69,"minecraft:oak_fence_gate":2,"minecraft:oak_stairs":35,"minecraft:cherry_slab":36,"minecraft:birch_sapling":10,"minecraft:iron_helmet":1,"minecraft:iron_boots":1,"minecraft:sweet_berries":8,"minecraft:oak_sapling":7,"minecraft:furnace":5,"minecraft:egg":5,"minecraft:potato":2,"minecraft:cooked_beef":13,"minecraft:cobbled_deepslate":13,"minecraft:wheat_seeds":27,"minecraft:diorite":20,"minecraft:birch_planks":25,"minecraft:stone_pickaxe":191,"minecraft:oak_planks":38,"minecraft:cherry_planks":31,"minecraft:clay":5,"minecraft:sugar_cane":8,"minecraft:cobblestone_slab":3,"minecraft:stonecutter":2,"minecraft:sand":1,"minecraft:oak_slab":27,"minecraft:crafting_table":9,"minecraft:white_bed":4,"minecraft:oak_log":3,"minecraft:flower_pot":1,"minecraft:iron_pickaxe":513,"minecraft:birch_slab":18,"minecraft:bread":4,"minecraft:stone_axe":288,"minecraft:cobblestone":122,"minecraft:yellow_bed":13,"minecraft:oak_boat":5},"minecraft:killed":{"minecraft:skeleton":1,"minecraft:salmon":14,"minecraft:rabbit":1,"minecraft:zombie":1,"minecraft:cow":26},"minecraft:broken":{"minecraft:wooden_shovel":1,"minecraft:stone_sword":1,"minecraft:stone_pickaxe":1,"minecraft:stone_axe":2,"minecraft:iron_pickaxe":2},"minecraft:mined":{"minecraft:tuff":6,"minecraft:white_bed":4,"minecraft:oak_sapling":1,"minecraft:oak_door":1,"minecraft:cherry_log":17,"minecraft:grass_block":159,"minecraft:birch_slab":8,"minecraft:spruce_leaves":3,"minecraft:large_fern":4,"minecraft:tall_seagrass":1,"minecraft:furnace":3,"minecraft:carrots":10,"minecraft:iron_ore":15,"minecraft:cobbled_deepslate":10,"minecraft:deepslate_lapis_ore":1,"minecraft:pointed_dripstone":6,"minecraft:potatoes":2,"minecraft:deepslate_iron_ore":22,"minecraft:cobblestone_slab":1,"minecraft:oak_stairs":10,"minecraft:packed_ice":15,"minecraft:stone":277,"minecraft:oak_slab":2,"minecraft:cherry_planks":13,"minecraft:lily_of_the_valley":1,"minecraft:snow_block":15,"minecraft:oak_fence":12,"minecraft:clay":11,"minecraft:crafting_table":7,"minecraft:torch":2,"minecraft:chest":23,"minecraft:rose_bush":2,"minecraft:tall_grass":2,"minecraft:cobblestone":4,"minecraft:deepslate_gold_ore":16,"minecraft:sugar_cane":5,"minecraft:oak_planks":29,"minecraft:diorite":44,"minecraft:cherry_slab":1,"minecraft:birch_sapling":3,"minecraft:pink_petals":115,"minecraft:birch_planks":17,"minecraft:birch_log":36,"minecraft:wheat":16,"minecraft:sweet_berry_bush":2,"minecraft:birch_leaves":70,"minecraft:yellow_bed":13,"minecraft:grass":85,"minecraft:oak_log":113,"minecraft:coal_ore":230,"minecraft:oak_fence_gate":1,"minecraft:cherry_leaves":47,"minecraft:dripstone_block":3,"minecraft:gravel":3,"minecraft:sand":2,"minecraft:dirt":66,"minecraft:stonecutter":3,"minecraft:oak_leaves":50,"minecraft:deepslate":18},"minecraft:custom":{"minecraft:mob_kills":44,"minecraft:animals_bred":1,"minecraft:interact_with_crafting_table":69,"minecraft:open_barrel":3,"minecraft:leave_game":7,"minecraft:time_since_death":261036,"minecraft:climb_one_cm":17386,"minecraft:sprint_one_cm":807518,"minecraft:walk_one_cm":626531,"minecraft:drop":3,"minecraft:talked_to_villager":1,"minecraft:play_time":261036,"minecraft:sneak_time":5811,"minecraft:walk_under_water_one_cm":12461,"minecraft:boat_one_cm":135151,"minecraft:jump":3909,"minecraft:walk_on_water_one_cm":18819,"minecraft:total_world_time":261036,"minecraft:interact_with_furnace":43,"minecraft:pot_flower":1,"minecraft:interact_with_stonecutter":1,"minecraft:sleep_in_bed":18,"minecraft:time_since_rest":12543,"minecraft:damage_taken":1171,"minecraft:damage_dealt":3407,"minecraft:swim_one_cm":34001,"minecraft:fly_one_cm":850743,"minecraft:open_chest":197,"minecraft:crouch_one_cm":17681,"minecraft:fall_one_cm":99990}},"DataVersion":3465}