{"stats":{"minecraft:crafted":{"minecraft:oak_door":3,"minecraft:oak_slab":24,"minecraft:oak_planks":96,"minecraft:wooden_shovel":1,"minecraft:stone_shovel":1,"minecraft:crafting_table":1,"minecraft:stick":12,"minecraft:stone_pickaxe":1,"minecraft:oak_stairs":28,"minecraft:stone_sword":1,"minecraft:birch_planks":20,"minecraft:stone_axe":1},"minecraft:picked_up":{"minecraft:birch_log":11,"minecraft:oak_slab":3,"minecraft:stick":2,"minecraft:crafting_table":1,"minecraft:clay_ball":24,"minecraft:oak_door":1,"minecraft:gravel":3,"minecraft:oak_stairs":9,"minecraft:potato":4,"minecraft:sand":1,"minecraft:oak_log":28,"minecraft:yellow_bed":5,"minecraft:carrot":35,"minecraft:dirt":160,"minecraft:wheat_seeds":5,"minecraft:oak_sapling":3,"minecraft:birch_sapling":8,"minecraft:oak_planks":12,"minecraft:cobblestone":4,"minecraft:egg":1},"minecraft:used":{"minecraft:oak_log":3,"minecraft:stone_sword":72,"minecraft:birch_planks":20,"minecraft:stone_shovel":64,"minecraft:oak_stairs":33,"minecraft:stone_pickaxe":4,"minecraft:birch_sapling":8,"minecraft:oak_planks":25,"minecraft:wooden_shovel":60,"minecraft:oak_door":2,"minecraft:stone_axe":56,"minecraft:dirt":40,"minecraft:crafting_table":2,"minecraft:oak_slab":27,"minecraft:oak_sapling":3,"minecraft:carrot":20,"minecraft:egg":1,"minecraft:yellow_bed":5,"minecraft:potato":2},"minecraft:broken":{"minecraft:wooden_shovel":1,"minecraft:stone_sword":1},"minecraft:mined":{"minecraft:birch_sapling":3,"minecraft:oak_slab":2,"minecraft:oak_sapling":1,"minecraft:carrots":10,"minecraft:oak_door":1,"minecraft:birch_log":11,"minecraft:birch_leaves":66,"minecraft:clay":6,"minecraft:crafting_table":1,"minecraft:yellow_bed":5,"minecraft:grass":47,"minecraft:grass_block":126,"minecraft:potatoes":2,"minecraft:oak_log":28,"minecraft:oak_stairs":9,"minecraft:sand":1,"minecraft:gravel":3,"minecraft:dirt":34,"minecraft:oak_planks":12,"minecraft:stone":4,"minecraft:oak_leaves":4},"minecraft:custom":{"minecraft:time_since_rest":8394,"minecraft:interact_with_furnace":1,"minecraft:sprint_one_cm":80005,"minecraft:damage_taken":130,"minecraft:walk_one_cm":150027,"minecraft:mob_kills":1,"minecraft:damage_dealt":18,"minecraft:swim_one_cm":246,"minecraft:interact_with_crafting_table":13,"minecraft:fly_one_cm":138033,"minecraft:open_chest":9,"minecraft:crouch_one_cm":3140,"minecraft:play_time":39513,"minecraft:sneak_time":731,"minecraft:walk_under_water_one_cm":910,"minecraft:jump":539,"minecraft:time_since_death":39513,"minecraft:walk_on_water_one_cm":642,"minecraft:sleep_in_bed":3,"minecraft:climb_one_cm":780,"minecraft:total_world_time":39513,"minecraft:fall_one_cm":11974}},"DataVersion":3465}