{"stats":{"minecraft:crafted":{"minecraft:brick":3,"minecraft:cherry_planks":12,"minecraft:oak_door":3,"minecraft:oak_slab":24,"minecraft:oak_planks":128,"minecraft:wooden_shovel":1,"minecraft:stone_shovel":1,"minecraft:crafting_table":1,"minecraft:birch_slab":6,"minecraft:furnace":2,"minecraft:birch_planks":44,"minecraft:stone_axe":1,"minecraft:air":0,"minecraft:terracotta":1,"minecraft:charcoal":1,"minecraft:shield":1,"minecraft:stick":28,"minecraft:iron_ingot":4,"minecraft:iron_pickaxe":1,"minecraft:stone_pickaxe":1,"minecraft:oak_stairs":28,"minecraft:stone_sword":2,"minecraft:chest":6,"minecraft:torch":60,"minecraft:stone_hoe":1,"minecraft:clay":6,"minecraft:flower_pot":1},"minecraft:dropped":{"minecraft:stone_pickaxe":1},"minecraft:picked_up":{"minecraft:birch_log":11,"minecraft:pink_petals":299,"minecraft:crafting_table":4,"minecraft:salmon":14,"minecraft:birch_slab":3,"minecraft:clay_ball":61,"minecraft:leather":13,"minecraft:potato":6,"minecraft:oak_stairs":13,"minecraft:birch_planks":14,"minecraft:tuff":6,"minecraft:oak_log":36,"minecraft:yellow_bed":9,"minecraft:lapis_lazuli":8,"minecraft:dirt":278,"minecraft:stonecutter":1,"minecraft:wheat_seeds":8,"minecraft:cobbled_deepslate":18,"minecraft:raw_gold":16,"minecraft:beef":16,"minecraft:stone_pickaxe":1,"minecraft:rose_bush":2,"minecraft:rabbit":1,"minecraft:sugar_cane":8,"minecraft:chest":13,"minecraft:birch_sapling":8,"minecraft:oak_planks":20,"minecraft:egg":1,"minecraft:furnace":1,"minecraft:oak_slab":3,"minecraft:stick":3,"minecraft:raw_iron":32,"minecraft:oak_door":3,"minecraft:sweet_berries":6,"minecraft:torch":1,"minecraft:dripstone_block":3,"minecraft:gravel":6,"minecraft:sand":2,"minecraft:cherry_log":17,"minecraft:pointed_dripstone":9,"minecraft:white_bed":3,"minecraft:carrot":100,"minecraft:lily_of_the_valley":1,"minecraft:rotten_flesh":1,"minecraft:cherry_sapling":1,"minecraft:bone_meal":1,"minecraft:oak_sapling":5,"minecraft:coal":134,"minecraft:snowball":32,"minecraft:cobblestone":75},"minecraft:used":{"minecraft:wheat_seeds":5,"minecraft:stone_sword":278,"minecraft:rose_bush":2,"minecraft:birch_planks":25,"minecraft:stone_shovel":85,"minecraft:stone_pickaxe":78,"minecraft:oak_planks":31,"minecraft:chest":19,"minecraft:cherry_planks":8,"minecraft:wooden_shovel":60,"minecraft:clay":5,"minecraft:stone_hoe":25,"minecraft:oak_door":2,"minecraft:torch":16,"minecraft:dirt":81,"minecraft:oak_slab":27,"minecraft:crafting_table":5,"minecraft:carrot":56,"minecraft:white_bed":2,"minecraft:oak_log":3,"minecraft:flower_pot":1,"minecraft:bread":4,"minecraft:birch_slab":7,"minecraft:oak_stairs":34,"minecraft:iron_pickaxe":217,"minecraft:birch_sapling":8,"minecraft:stone_axe":127,"minecraft:cobblestone":30,"minecraft:oak_sapling":4,"minecraft:furnace":3,"minecraft:yellow_bed":9,"minecraft:egg":1,"minecraft:potato":2,"minecraft:cobbled_deepslate":3},"minecraft:killed":{"minecraft:salmon":14,"minecraft:rabbit":1,"minecraft:zombie":1,"minecraft:cow":9},"minecraft:broken":{"minecraft:wooden_shovel":1,"minecraft:stone_sword":1},"minecraft:mined":{"minecraft:white_bed":3,"minecraft:oak_slab":2,"minecraft:tuff":6,"minecraft:oak_sapling":1,"minecraft:lily_of_the_valley":1,"minecraft:oak_door":1,"minecraft:snow_block":15,"minecraft:cherry_log":17,"minecraft:clay":11,"minecraft:crafting_table":4,"minecraft:torch":1,"minecraft:grass_block":141,"minecraft:chest":13,"minecraft:rose_bush":2,"minecraft:spruce_leaves":3,"minecraft:birch_slab":3,"minecraft:deepslate_gold_ore":16,"minecraft:sugar_cane":5,"minecraft:oak_planks":20,"minecraft:pink_petals":115,"minecraft:large_fern":4,"minecraft:birch_sapling":3,"minecraft:tall_seagrass":1,"minecraft:birch_planks":14,"minecraft:furnace":1,"minecraft:carrots":10,"minecraft:iron_ore":10,"minecraft:birch_log":11,"minecraft:birch_leaves":67,"minecraft:deepslate_lapis_ore":1,"minecraft:yellow_bed":9,"minecraft:grass":65,"minecraft:pointed_dripstone":6,"minecraft:potatoes":2,"minecraft:oak_log":36,"minecraft:coal_ore":134,"minecraft:deepslate_iron_ore":22,"minecraft:oak_stairs":9,"minecraft:cherry_leaves":47,"minecraft:dripstone_block":3,"minecraft:sand":1,"minecraft:gravel":3,"minecraft:dirt":40,"minecraft:stonecutter":1,"minecraft:stone":59,"minecraft:oak_leaves":15,"minecraft:deepslate":18},"minecraft:custom":{"minecraft:interact_with_furnace":23,"minecraft:mob_kills":26,"minecraft:interact_with_crafting_table":35,"minecraft:leave_game":2,"minecraft:time_since_death":122603,"minecraft:sleep_in_bed":8,"minecraft:climb_one_cm":780,"minecraft:time_since_rest":10233,"minecraft:sprint_one_cm":388350,"minecraft:damage_taken":550,"minecraft:walk_one_cm":340977,"minecraft:drop":1,"minecraft:damage_dealt":1557,"minecraft:swim_one_cm":14175,"minecraft:fly_one_cm":413038,"minecraft:open_chest":63,"minecraft:crouch_one_cm":13295,"minecraft:play_time":122603,"minecraft:sneak_time":3968,"minecraft:walk_under_water_one_cm":9274,"minecraft:jump":1992,"minecraft:walk_on_water_one_cm":12528,"minecraft:total_world_time":122603,"minecraft:fall_one_cm":48240}},"DataVersion":3465}