{"stats":{"minecraft:crafted":{"minecraft:brick":3,"minecraft:oak_door":3,"minecraft:oak_planks":96,"minecraft:oak_slab":24,"minecraft:wooden_shovel":1,"minecraft:stone_shovel":1,"minecraft:crafting_table":1,"minecraft:furnace":1,"minecraft:birch_planks":44,"minecraft:stone_axe":1,"minecraft:air":0,"minecraft:terracotta":1,"minecraft:charcoal":1,"minecraft:stick":12,"minecraft:stone_pickaxe":1,"minecraft:oak_stairs":28,"minecraft:stone_sword":1,"minecraft:chest":4,"minecraft:torch":4,"minecraft:clay":6,"minecraft:flower_pot":1},"minecraft:picked_up":{"minecraft:birch_log":11,"minecraft:crafting_table":3,"minecraft:clay_ball":44,"minecraft:potato":4,"minecraft:oak_stairs":9,"minecraft:birch_planks":5,"minecraft:oak_log":28,"minecraft:yellow_bed":5,"minecraft:dirt":163,"minecraft:wheat_seeds":5,"minecraft:rose_bush":2,"minecraft:chest":2,"minecraft:birch_sapling":8,"minecraft:oak_planks":13,"minecraft:egg":1,"minecraft:oak_slab":3,"minecraft:stick":2,"minecraft:oak_door":1,"minecraft:torch":1,"minecraft:gravel":3,"minecraft:sand":1,"minecraft:carrot":36,"minecraft:oak_sapling":3,"minecraft:cobblestone":29},"minecraft:used":{"minecraft:rose_bush":2,"minecraft:stone_sword":72,"minecraft:birch_planks":22,"minecraft:stone_shovel":66,"minecraft:stone_pickaxe":29,"minecraft:oak_planks":25,"minecraft:chest":6,"minecraft:wooden_shovel":60,"minecraft:clay":5,"minecraft:oak_door":2,"minecraft:torch":5,"minecraft:dirt":66,"minecraft:oak_slab":27,"minecraft:crafting_table":4,"minecraft:carrot":21,"minecraft:oak_log":3,"minecraft:flower_pot":1,"minecraft:oak_stairs":33,"minecraft:birch_sapling":8,"minecraft:stone_axe":66,"minecraft:furnace":1,"minecraft:oak_sapling":3,"minecraft:yellow_bed":5,"minecraft:egg":1,"minecraft:potato":2},"minecraft:broken":{"minecraft:wooden_shovel":1,"minecraft:stone_sword":1},"minecraft:mined":{"minecraft:oak_slab":2,"minecraft:oak_sapling":1,"minecraft:oak_door":1,"minecraft:clay":11,"minecraft:crafting_table":3,"minecraft:torch":1,"minecraft:grass_block":128,"minecraft:chest":2,"minecraft:rose_bush":2,"minecraft:oak_planks":13,"minecraft:birch_sapling":3,"minecraft:birch_planks":5,"minecraft:carrots":10,"minecraft:birch_log":11,"minecraft:birch_leaves":66,"minecraft:yellow_bed":5,"minecraft:grass":47,"minecraft:potatoes":2,"minecraft:oak_log":28,"minecraft:oak_stairs":9,"minecraft:gravel":3,"minecraft:sand":1,"minecraft:dirt":35,"minecraft:stone":29,"minecraft:oak_leaves":4},"minecraft:custom":{"minecraft:interact_with_furnace":12,"minecraft:mob_kills":1,"minecraft:interact_with_crafting_table":21,"minecraft:time_since_death":51513,"minecraft:sleep_in_bed":4,"minecraft:climb_one_cm":780,"minecraft:time_since_rest":6941,"minecraft:sprint_one_cm":94320,"minecraft:damage_taken":130,"minecraft:walk_one_cm":167759,"minecraft:damage_dealt":18,"minecraft:swim_one_cm":246,"minecraft:fly_one_cm":146739,"minecraft:open_chest":29,"minecraft:crouch_one_cm":3240,"minecraft:play_time":51513,"minecraft:sneak_time":883,"minecraft:walk_under_water_one_cm":910,"minecraft:jump":582,"minecraft:walk_on_water_one_cm":748,"minecraft:total_world_time":51513,"minecraft:fall_one_cm":11974}},"DataVersion":3465}