{"stats":{"minecraft:crafted":{"minecraft:oak_slab":24,"minecraft:oak_planks":56,"minecraft:wooden_shovel":1,"minecraft:stone_shovel":1,"minecraft:crafting_table":1,"minecraft:stick":12,"minecraft:stone_pickaxe":1,"minecraft:oak_stairs":20,"minecraft:stone_sword":1,"minecraft:birch_planks":20,"minecraft:stone_axe":1},"minecraft:picked_up":{"minecraft:birch_log":5,"minecraft:oak_slab":3,"minecraft:oak_stairs":4,"minecraft:potato":4,"minecraft:oak_log":17,"minecraft:yellow_bed":3,"minecraft:carrot":35,"minecraft:dirt":136,"minecraft:wheat_seeds":5,"minecraft:oak_sapling":3,"minecraft:birch_sapling":2,"minecraft:cobblestone":4},"minecraft:used":{"minecraft:oak_log":3,"minecraft:stone_sword":49,"minecraft:birch_planks":20,"minecraft:stone_shovel":38,"minecraft:oak_stairs":19,"minecraft:stone_pickaxe":4,"minecraft:birch_sapling":2,"minecraft:wooden_shovel":60,"minecraft:stone_axe":16,"minecraft:dirt":6,"minecraft:crafting_table":1,"minecraft:oak_slab":27,"minecraft:oak_sapling":3,"minecraft:carrot":19,"minecraft:yellow_bed":2,"minecraft:potato":2},"minecraft:broken":{"minecraft:wooden_shovel":1},"minecraft:mined":{"minecraft:oak_slab":2,"minecraft:oak_sapling":1,"minecraft:carrots":10,"minecraft:birch_log":5,"minecraft:birch_leaves":42,"minecraft:yellow_bed":3,"minecraft:grass":44,"minecraft:grass_block":107,"minecraft:potatoes":2,"minecraft:oak_log":17,"minecraft:oak_stairs":4,"minecraft:dirt":29,"minecraft:stone":4,"minecraft:oak_leaves":1},"minecraft:custom":{"minecraft:time_since_rest":9473,"minecraft:interact_with_furnace":1,"minecraft:sprint_one_cm":69098,"minecraft:damage_taken":130,"minecraft:walk_one_cm":94240,"minecraft:mob_kills":1,"minecraft:damage_dealt":18,"minecraft:interact_with_crafting_table":9,"minecraft:fly_one_cm":131280,"minecraft:open_chest":9,"minecraft:crouch_one_cm":2641,"minecraft:play_time":27513,"minecraft:sneak_time":529,"minecraft:jump":474,"minecraft:time_since_death":27513,"minecraft:walk_on_water_one_cm":438,"minecraft:sleep_in_bed":2,"minecraft:climb_one_cm":780,"minecraft:total_world_time":27513,"minecraft:fall_one_cm":11705}},"DataVersion":3465}