{"stats":{"minecraft:picked_up":{"minecraft:oak_log":12,"minecraft:yellow_bed":1,"minecraft:oak_sapling":3},"minecraft:used":{"minecraft:oak_sapling":3},"minecraft:mined":{"minecraft:grass":1,"minecraft:oak_log":12,"minecraft:oak_sapling":1,"minecraft:yellow_bed":1},"minecraft:custom":{"minecraft:jump":54,"minecraft:time_since_rest":3513,"minecraft:sprint_one_cm":14593,"minecraft:play_time":3513,"minecraft:time_since_death":3513,"minecraft:walk_one_cm":9066,"minecraft:total_world_time":3513,"minecraft:fall_one_cm":1314,"minecraft:fly_one_cm":12211}},"DataVersion":3465}