{"stats":{"minecraft:used":{"minecraft:cherry_sapling":1,"minecraft:stone_sword":278,"minecraft:rose_bush":2,"minecraft:stone_shovel":85,"minecraft:chest":19,"minecraft:wooden_shovel":60,"minecraft:stone_hoe":25,"minecraft:oak_door":2,"minecraft:torch":16,"minecraft:dirt":81,"minecraft:carrot":69,"minecraft:oak_stairs":34,"minecraft:birch_sapling":8,"minecraft:iron_helmet":1,"minecraft:iron_boots":1,"minecraft:furnace":3,"minecraft:oak_sapling":4,"minecraft:egg":1,"minecraft:potato":2,"minecraft:cobbled_deepslate":3,"minecraft:wheat_seeds":18,"minecraft:birch_planks":25,"minecraft:stone_pickaxe":78,"minecraft:oak_planks":31,"minecraft:cherry_planks":8,"minecraft:clay":5,"minecraft:stonecutter":1,"minecraft:sugar_cane":8,"minecraft:oak_slab":27,"minecraft:crafting_table":5,"minecraft:white_bed":2,"minecraft:oak_log":3,"minecraft:flower_pot":1,"minecraft:birch_slab":7,"minecraft:bread":4,"minecraft:iron_pickaxe":218,"minecraft:stone_axe":130,"minecraft:cobblestone":30,"minecraft:yellow_bed":9},"minecraft:killed":{"minecraft:salmon":14,"minecraft:rabbit":1,"minecraft:zombie":1,"minecraft:cow":9},"minecraft:custom":{"minecraft:mob_kills":26,"minecraft:interact_with_crafting_table":45,"minecraft:leave_game":4,"minecraft:time_since_death":148542,"minecraft:climb_one_cm":780,"minecraft:sprint_one_cm":528396,"minecraft:walk_one_cm":375186,"minecraft:drop":1,"minecraft:play_time":148542,"minecraft:sneak_time":3976,"minecraft:walk_under_water_one_cm":10362,"minecraft:jump":2530,"minecraft:walk_on_water_one_cm":14562,"minecraft:total_world_time":148542,"minecraft:interact_with_furnace":39,"minecraft:pot_flower":1,"minecraft:sleep_in_bed":9,"minecraft:time_since_rest":11027,"minecraft:damage_taken":640,"minecraft:damage_dealt":1557,"minecraft:swim_one_cm":22286,"minecraft:fly_one_cm":538949,"minecraft:open_chest":97,"minecraft:crouch_one_cm":13295,"minecraft:fall_one_cm":63305},"minecraft:mined":{"minecraft:tuff":6,"minecraft:white_bed":3,"minecraft:oak_sapling":1,"minecraft:oak_door":1,"minecraft:cherry_log":17,"minecraft:grass_block":141,"minecraft:birch_slab":3,"minecraft:spruce_leaves":3,"minecraft:large_fern":4,"minecraft:tall_seagrass":1,"minecraft:furnace":1,"minecraft:carrots":10,"minecraft:iron_ore":10,"minecraft:deepslate_lapis_ore":1,"minecraft:pointed_dripstone":6,"minecraft:potatoes":2,"minecraft:deepslate_iron_ore":22,"minecraft:oak_stairs":9,"minecraft:stone":60,"minecraft:oak_slab":2,"minecraft:lily_of_the_valley":1,"minecraft:snow_block":15,"minecraft:crafting_table":4,"minecraft:clay":11,"minecraft:torch":1,"minecraft:chest":16,"minecraft:rose_bush":2,"minecraft:deepslate_gold_ore":16,"minecraft:sugar_cane":5,"minecraft:oak_planks":20,"minecraft:birch_sapling":3,"minecraft:pink_petals":115,"minecraft:birch_planks":14,"minecraft:birch_log":11,"minecraft:wheat":7,"minecraft:birch_leaves":67,"minecraft:yellow_bed":9,"minecraft:grass":68,"minecraft:oak_log":36,"minecraft:coal_ore":134,"minecraft:cherry_leaves":47,"minecraft:dripstone_block":3,"minecraft:gravel":3,"minecraft:sand":1,"minecraft:dirt":40,"minecraft:stonecutter":1,"minecraft:oak_leaves":16,"minecraft:deepslate":18},"minecraft:dropped":{"minecraft:stone_pickaxe":1},"minecraft:broken":{"minecraft:wooden_shovel":1,"minecraft:stone_sword":1},"minecraft:picked_up":{"minecraft:crafting_table":4,"minecraft:wheat":2,"minecraft:clay_ball":61,"minecraft:oak_stairs":13,"minecraft:cobbled_deepslate":18,"minecraft:beef":16,"minecraft:rose_bush":2,"minecraft:sugar_cane":8,"minecraft:chest":16,"minecraft:birch_sapling":8,"minecraft:egg":1,"minecraft:furnace":1,"minecraft:stick":3,"minecraft:raw_iron":32,"minecraft:oak_door":3,"minecraft:torch":1,"minecraft:cherry_log":17,"minecraft:pointed_dripstone":9,"minecraft:carrot":100,"minecraft:rotten_flesh":1,"minecraft:snowball":32,"minecraft:cobblestone":76,"minecraft:birch_log":11,"minecraft:pink_petals":598,"minecraft:birch_slab":3,"minecraft:salmon":14,"minecraft:leather":13,"minecraft:potato":6,"minecraft:birch_planks":14,"minecraft:tuff":6,"minecraft:oak_log":36,"minecraft:yellow_bed":9,"minecraft:dirt":278,"minecraft:lapis_lazuli":8,"minecraft:stonecutter":1,"minecraft:wheat_seeds":19,"minecraft:raw_gold":16,"minecraft:stone_pickaxe":1,"minecraft:rabbit":1,"minecraft:oak_planks":20,"minecraft:oak_slab":3,"minecraft:sweet_berries":6,"minecraft:gravel":6,"minecraft:dripstone_block":3,"minecraft:sand":2,"minecraft:white_bed":3,"minecraft:lily_of_the_valley":1,"minecraft:cherry_sapling":1,"minecraft:bone_meal":1,"minecraft:oak_sapling":6,"minecraft:coal":134},"minecraft:crafted":{"minecraft:brick":3,"minecraft:cherry_planks":12,"minecraft:oak_door":3,"minecraft:oak_planks":128,"minecraft:stone_shovel":1,"minecraft:birch_slab":6,"minecraft:furnace":2,"minecraft:terracotta":1,"minecraft:iron_boots":1,"minecraft:stone_pickaxe":1,"minecraft:chest":6,"minecraft:stone_hoe":1,"minecraft:flower_pot":1,"minecraft:cooked_beef":16,"minecraft:oak_slab":24,"minecraft:wooden_shovel":1,"minecraft:crafting_table":1,"minecraft:iron_helmet":1,"minecraft:birch_planks":44,"minecraft:stone_axe":1,"minecraft:air":0,"minecraft:iron_chestplate":1,"minecraft:charcoal":1,"minecraft:shield":1,"minecraft:stick":28,"minecraft:iron_ingot":32,"minecraft:iron_pickaxe":1,"minecraft:oak_stairs":28,"minecraft:stone_sword":2,"minecraft:iron_leggings":1,"minecraft:gold_ingot":16,"minecraft:torch":60,"minecraft:clay":6}},"DataVersion":3465}