{"stats":{"minecraft:crafted":{"minecraft:brick":3,"minecraft:oak_door":3,"minecraft:oak_slab":24,"minecraft:oak_planks":120,"minecraft:wooden_shovel":1,"minecraft:stone_shovel":1,"minecraft:crafting_table":1,"minecraft:birch_slab":6,"minecraft:furnace":2,"minecraft:birch_planks":44,"minecraft:stone_axe":1,"minecraft:air":0,"minecraft:terracotta":1,"minecraft:charcoal":1,"minecraft:shield":1,"minecraft:stick":16,"minecraft:iron_ingot":4,"minecraft:iron_pickaxe":1,"minecraft:stone_pickaxe":1,"minecraft:oak_stairs":28,"minecraft:stone_sword":2,"minecraft:chest":6,"minecraft:torch":4,"minecraft:stone_hoe":1,"minecraft:clay":6,"minecraft:flower_pot":1},"minecraft:picked_up":{"minecraft:birch_log":11,"minecraft:crafting_table":4,"minecraft:birch_slab":3,"minecraft:clay_ball":61,"minecraft:oak_stairs":13,"minecraft:potato":6,"minecraft:birch_planks":14,"minecraft:tuff":6,"minecraft:oak_log":36,"minecraft:yellow_bed":9,"minecraft:lapis_lazuli":8,"minecraft:dirt":268,"minecraft:wheat_seeds":5,"minecraft:cobbled_deepslate":18,"minecraft:raw_gold":16,"minecraft:rose_bush":2,"minecraft:chest":13,"minecraft:birch_sapling":8,"minecraft:oak_planks":20,"minecraft:egg":1,"minecraft:furnace":1,"minecraft:oak_slab":3,"minecraft:stick":2,"minecraft:raw_iron":22,"minecraft:oak_door":3,"minecraft:torch":1,"minecraft:gravel":6,"minecraft:sand":2,"minecraft:carrot":100,"minecraft:oak_sapling":3,"minecraft:cobblestone":45},"minecraft:used":{"minecraft:wheat_seeds":5,"minecraft:stone_sword":72,"minecraft:rose_bush":2,"minecraft:birch_planks":25,"minecraft:stone_shovel":70,"minecraft:stone_pickaxe":45,"minecraft:oak_planks":31,"minecraft:chest":19,"minecraft:wooden_shovel":60,"minecraft:clay":5,"minecraft:stone_hoe":25,"minecraft:oak_door":2,"minecraft:torch":5,"minecraft:dirt":71,"minecraft:oak_slab":27,"minecraft:crafting_table":5,"minecraft:carrot":35,"minecraft:oak_log":3,"minecraft:flower_pot":1,"minecraft:birch_slab":7,"minecraft:oak_stairs":34,"minecraft:iron_pickaxe":48,"minecraft:birch_sapling":8,"minecraft:stone_axe":107,"minecraft:oak_sapling":3,"minecraft:furnace":3,"minecraft:yellow_bed":9,"minecraft:egg":1,"minecraft:potato":2,"minecraft:cobbled_deepslate":3},"minecraft:broken":{"minecraft:wooden_shovel":1,"minecraft:stone_sword":1},"minecraft:mined":{"minecraft:oak_slab":2,"minecraft:tuff":6,"minecraft:oak_sapling":1,"minecraft:oak_door":1,"minecraft:clay":11,"minecraft:crafting_table":4,"minecraft:torch":1,"minecraft:grass_block":132,"minecraft:chest":13,"minecraft:rose_bush":2,"minecraft:birch_slab":3,"minecraft:deepslate_gold_ore":16,"minecraft:oak_planks":20,"minecraft:birch_sapling":3,"minecraft:birch_planks":14,"minecraft:furnace":1,"minecraft:carrots":10,"minecraft:birch_log":11,"minecraft:birch_leaves":66,"minecraft:deepslate_lapis_ore":1,"minecraft:yellow_bed":9,"minecraft:grass":48,"minecraft:potatoes":2,"minecraft:oak_log":36,"minecraft:deepslate_iron_ore":22,"minecraft:oak_stairs":9,"minecraft:gravel":3,"minecraft:sand":1,"minecraft:dirt":39,"minecraft:stone":29,"minecraft:oak_leaves":4,"minecraft:deepslate":18},"minecraft:custom":{"minecraft:interact_with_furnace":22,"minecraft:mob_kills":1,"minecraft:interact_with_crafting_table":35,"minecraft:leave_game":1,"minecraft:time_since_death":75086,"minecraft:sleep_in_bed":5,"minecraft:climb_one_cm":780,"minecraft:time_since_rest":16612,"minecraft:sprint_one_cm":152402,"minecraft:damage_taken":130,"minecraft:walk_one_cm":216300,"minecraft:damage_dealt":18,"minecraft:swim_one_cm":246,"minecraft:fly_one_cm":186019,"minecraft:open_chest":57,"minecraft:crouch_one_cm":5826,"minecraft:play_time":75086,"minecraft:sneak_time":2106,"minecraft:walk_under_water_one_cm":2955,"minecraft:jump":800,"minecraft:walk_on_water_one_cm":4751,"minecraft:total_world_time":75086,"minecraft:fall_one_cm":14929}},"DataVersion":3465}