{"stats":{"minecraft:custom":{"minecraft:time_since_rest":5552,"minecraft:sprint_one_cm":29732,"minecraft:damage_taken":260,"minecraft:walk_one_cm":90729,"minecraft:drop":1,"minecraft:damage_dealt":148,"minecraft:swim_one_cm":4265,"minecraft:interact_with_crafting_table":7,"minecraft:fly_one_cm":3854,"minecraft:crouch_one_cm":914,"minecraft:play_time":15457,"minecraft:deaths":1,"minecraft:sneak_time":178,"minecraft:walk_under_water_one_cm":4392,"minecraft:boat_one_cm":49969,"minecraft:jump":78,"minecraft:leave_game":2,"minecraft:walk_on_water_one_cm":1432,"minecraft:time_since_death":5246,"minecraft:total_world_time":15457,"minecraft:fall_one_cm":1769},"minecraft:killed_by":{"minecraft:zombie":1},"minecraft:used":{"minecraft:wooden_axe":34,"minecraft:birch_sapling":1,"minecraft:wooden_pickaxe":7,"minecraft:wooden_shovel":25,"minecraft:crafting_table":2,"minecraft:oak_boat":5},"minecraft:mined":{"minecraft:birch_log":13,"minecraft:birch_leaves":2,"minecraft:grass":12,"minecraft:oak_log":19,"minecraft:sand":24,"minecraft:packed_ice":8,"minecraft:sugar_cane":2,"minecraft:oak_leaves":11,"minecraft:fern":2},"minecraft:crafted":{"minecraft:oak_boat":1,"minecraft:oak_planks":76,"minecraft:wooden_shovel":1,"minecraft:crafting_table":3,"minecraft:stick":16,"minecraft:birch_boat":1,"minecraft:wooden_pickaxe":2,"minecraft:wooden_axe":4,"minecraft:birch_planks":52},"minecraft:dropped":{"minecraft:wooden_axe":1},"minecraft:picked_up":{"minecraft:birch_log":13,"minecraft:stick":2,"minecraft:sand":24,"minecraft:oak_log":19,"minecraft:wheat_seeds":2,"minecraft:oak_boat":5,"minecraft:oak_sapling":1,"minecraft:sugar_cane":3,"minecraft:birch_sapling":3}},"DataVersion":3465}