{"stats":{"minecraft:custom":{"minecraft:interact_with_furnace":20,"minecraft:mob_kills":6,"minecraft:animals_bred":1,"minecraft:interact_with_crafting_table":20,"minecraft:leave_game":6,"minecraft:time_since_death":835,"minecraft:time_since_rest":953,"minecraft:sprint_one_cm":157271,"minecraft:damage_blocked_by_shield":660,"minecraft:damage_taken":830,"minecraft:walk_one_cm":325391,"minecraft:drop":1,"minecraft:damage_dealt":918,"minecraft:talked_to_villager":3,"minecraft:swim_one_cm":14541,"minecraft:fly_one_cm":19461,"minecraft:crouch_one_cm":1417,"minecraft:play_time":54453,"minecraft:deaths":2,"minecraft:sneak_time":225,"minecraft:walk_under_water_one_cm":7857,"minecraft:boat_one_cm":69403,"minecraft:jump":449,"minecraft:walk_on_water_one_cm":4799,"minecraft:total_world_time":54453,"minecraft:fall_one_cm":4442},"minecraft:killed_by":{"minecraft:spider":1,"minecraft:zombie":1},"minecraft:used":{"minecraft:wheat_seeds":2,"minecraft:cooked_mutton":1,"minecraft:diorite":2,"minecraft:rose_bush":2,"minecraft:snow_block":2,"minecraft:glass_bottle":2,"minecraft:stone_pickaxe":84,"minecraft:shield":13,"minecraft:wooden_pickaxe":56,"minecraft:birch_boat":2,"minecraft:wooden_shovel":59,"minecraft:torch":19,"minecraft:crafting_table":5,"minecraft:pumpkin_seeds":4,"minecraft:wooden_axe":45,"minecraft:oxeye_daisy":1,"minecraft:birch_sapling":3,"minecraft:spruce_sapling":2,"minecraft:stone_axe":26,"minecraft:cobblestone":16,"minecraft:furnace":4,"minecraft:oak_sapling":2,"minecraft:oak_boat":5,"minecraft:cooked_beef":4,"minecraft:dandelion":2,"minecraft:pumpkin":1},"minecraft:mined":{"minecraft:brown_mushroom":12,"minecraft:snow_block":2,"minecraft:dandelion":2,"minecraft:crafting_table":1,"minecraft:grass_block":5,"minecraft:rose_bush":5,"minecraft:cobblestone":4,"minecraft:tall_grass":1,"minecraft:copper_ore":8,"minecraft:spruce_leaves":28,"minecraft:sugar_cane":3,"minecraft:oxeye_daisy":1,"minecraft:diorite":6,"minecraft:large_fern":1,"minecraft:furnace":2,"minecraft:birch_log":13,"minecraft:iron_ore":2,"minecraft:snow":16,"minecraft:spruce_log":6,"minecraft:andesite":4,"minecraft:birch_leaves":2,"minecraft:pumpkin":5,"minecraft:peony":1,"minecraft:grass":45,"minecraft:oak_log":25,"minecraft:coal_ore":53,"minecraft:dirt":10,"minecraft:sand":25,"minecraft:packed_ice":8,"minecraft:stone":35,"minecraft:oak_leaves":11,"minecraft:fern":3},"minecraft:crafted":{"minecraft:cooked_beef":4,"minecraft:sugar":4,"minecraft:glass_bottle":3,"minecraft:oak_planks":100,"minecraft:wooden_shovel":1,"minecraft:crafting_table":5,"minecraft:birch_boat":1,"minecraft:wooden_pickaxe":3,"minecraft:bowl":4,"minecraft:furnace":2,"minecraft:pumpkin_seeds":4,"minecraft:birch_planks":52,"minecraft:stone_axe":1,"minecraft:cooked_mutton":1,"minecraft:oak_boat":1,"minecraft:glass":19,"minecraft:stick":52,"minecraft:iron_ingot":2,"minecraft:stone_pickaxe":1,"minecraft:wooden_axe":4,"minecraft:snow_block":6,"minecraft:torch":36},"minecraft:dropped":{"minecraft:wooden_axe":1},"minecraft:killed":{"minecraft:skeleton":2,"minecraft:sheep":1,"minecraft:cow":2},"minecraft:picked_up":{"minecraft:birch_log":13,"minecraft:crafting_table":1,"minecraft:andesite":3,"minecraft:leather":2,"minecraft:brown_mushroom":12,"minecraft:oak_log":25,"minecraft:shield":1,"minecraft:dirt":15,"minecraft:raw_copper":32,"minecraft:bone":3,"minecraft:wheat_seeds":7,"minecraft:beef":4,"minecraft:oak_boat":5,"minecraft:rose_bush":3,"minecraft:sugar_cane":4,"minecraft:birch_sapling":3,"minecraft:egg":3,"minecraft:furnace":2,"minecraft:stick":3,"minecraft:raw_iron":2,"minecraft:birch_boat":2,"minecraft:pumpkin":5,"minecraft:dandelion":2,"minecraft:sand":25,"minecraft:spruce_sapling":2,"minecraft:diorite":5,"minecraft:spruce_log":6,"minecraft:arrow":1,"minecraft:oak_sapling":2,"minecraft:snowball":24,"minecraft:mutton":1,"minecraft:coal":52,"minecraft:white_wool":1,"minecraft:cobblestone":38,"minecraft:oxeye_daisy":1}},"DataVersion":3465}