{"stats":{"minecraft:custom":{"minecraft:interact_with_furnace":21,"minecraft:mob_kills":7,"minecraft:animals_bred":2,"minecraft:interact_with_crafting_table":22,"minecraft:leave_game":6,"minecraft:time_since_death":7916,"minecraft:time_since_rest":8034,"minecraft:sprint_one_cm":194719,"minecraft:damage_taken":890,"minecraft:damage_blocked_by_shield":660,"minecraft:walk_one_cm":375955,"minecraft:drop":4,"minecraft:damage_dealt":1078,"minecraft:swim_one_cm":14541,"minecraft:talked_to_villager":3,"minecraft:fly_one_cm":25801,"minecraft:crouch_one_cm":1417,"minecraft:play_time":61534,"minecraft:deaths":2,"minecraft:sneak_time":225,"minecraft:walk_under_water_one_cm":7857,"minecraft:boat_one_cm":69403,"minecraft:jump":518,"minecraft:walk_on_water_one_cm":4799,"minecraft:total_world_time":61534,"minecraft:fall_one_cm":4711},"minecraft:killed_by":{"minecraft:spider":1,"minecraft:zombie":1},"minecraft:used":{"minecraft:wheat_seeds":9,"minecraft:cooked_mutton":1,"minecraft:diorite":2,"minecraft:rose_bush":2,"minecraft:snow_block":2,"minecraft:glass_bottle":2,"minecraft:stone_pickaxe":84,"minecraft:wooden_pickaxe":56,"minecraft:birch_boat":2,"minecraft:shield":13,"minecraft:wooden_shovel":76,"minecraft:torch":19,"minecraft:dirt":39,"minecraft:crafting_table":5,"minecraft:shears":3,"minecraft:pumpkin_seeds":4,"minecraft:honey_bottle":4,"minecraft:wooden_axe":45,"minecraft:oxeye_daisy":1,"minecraft:birch_sapling":3,"minecraft:spruce_sapling":2,"minecraft:stone_axe":61,"minecraft:cobblestone":16,"minecraft:oak_sapling":2,"minecraft:furnace":4,"minecraft:yellow_bed":1,"minecraft:oak_boat":5,"minecraft:egg":4,"minecraft:cooked_beef":4,"minecraft:dandelion":2,"minecraft:pumpkin":1},"minecraft:mined":{"minecraft:brown_mushroom":12,"minecraft:snow_block":2,"minecraft:dandelion":2,"minecraft:crafting_table":1,"minecraft:grass_block":19,"minecraft:rose_bush":5,"minecraft:tall_grass":4,"minecraft:copper_ore":8,"minecraft:cobblestone":4,"minecraft:spruce_leaves":28,"minecraft:sugar_cane":3,"minecraft:diorite":6,"minecraft:oxeye_daisy":1,"minecraft:large_fern":1,"minecraft:furnace":2,"minecraft:birch_log":13,"minecraft:iron_ore":2,"minecraft:snow":16,"minecraft:andesite":4,"minecraft:spruce_log":6,"minecraft:birch_leaves":2,"minecraft:pumpkin":5,"minecraft:yellow_bed":1,"minecraft:peony":1,"minecraft:grass":115,"minecraft:oak_log":25,"minecraft:coal_ore":53,"minecraft:sand":25,"minecraft:dirt":14,"minecraft:packed_ice":8,"minecraft:stone":35,"minecraft:oak_leaves":11,"minecraft:fern":3},"minecraft:crafted":{"minecraft:cooked_beef":4,"minecraft:red_dye":2,"minecraft:sugar":4,"minecraft:glass_bottle":3,"minecraft:oak_planks":100,"minecraft:wooden_shovel":2,"minecraft:crafting_table":5,"minecraft:birch_boat":1,"minecraft:wooden_pickaxe":3,"minecraft:bowl":4,"minecraft:furnace":2,"minecraft:pumpkin_seeds":4,"minecraft:birch_planks":52,"minecraft:stone_axe":1,"minecraft:cooked_mutton":1,"minecraft:oak_boat":1,"minecraft:glass":25,"minecraft:stick":52,"minecraft:iron_ingot":2,"minecraft:stone_pickaxe":1,"minecraft:wooden_axe":4,"minecraft:snow_block":6,"minecraft:torch":36,"minecraft:shears":1},"minecraft:dropped":{"minecraft:wooden_axe":1,"minecraft:string":3},"minecraft:killed":{"minecraft:spider":1,"minecraft:skeleton":2,"minecraft:sheep":1,"minecraft:cow":2},"minecraft:picked_up":{"minecraft:birch_log":13,"minecraft:crafting_table":1,"minecraft:andesite":6,"minecraft:leather":4,"minecraft:brown_mushroom":24,"minecraft:birch_planks":2,"minecraft:oak_log":25,"minecraft:yellow_bed":1,"minecraft:shield":2,"minecraft:string":3,"minecraft:dirt":70,"minecraft:raw_copper":64,"minecraft:glass":16,"minecraft:bone":6,"minecraft:wheat_seeds":19,"minecraft:stone_pickaxe":1,"minecraft:iron_ingot":2,"minecraft:beef":4,"minecraft:oak_boat":5,"minecraft:rose_bush":3,"minecraft:glass_bottle":1,"minecraft:sugar_cane":4,"minecraft:oak_planks":19,"minecraft:birch_sapling":3,"minecraft:egg":8,"minecraft:furnace":2,"minecraft:stick":15,"minecraft:raw_iron":2,"minecraft:birch_boat":3,"minecraft:pumpkin":5,"minecraft:dandelion":2,"minecraft:sand":25,"minecraft:spruce_sapling":2,"minecraft:diorite":8,"minecraft:spruce_log":6,"minecraft:spider_eye":1,"minecraft:arrow":2,"minecraft:honey_bottle":2,"minecraft:stone_axe":1,"minecraft:grass":3,"minecraft:oak_sapling":2,"minecraft:mutton":1,"minecraft:coal":52,"minecraft:snowball":24,"minecraft:white_wool":9,"minecraft:cobblestone":38,"minecraft:oxeye_daisy":1}},"DataVersion":3465}