{"stats":{"minecraft:crafted":{"minecraft:smooth_stone":81,"minecraft:oak_planks":112,"minecraft:barrel":2,"minecraft:birch_boat":1,"minecraft:cooked_chicken":5,"minecraft:lightning_rod":8,"minecraft:stone":81,"minecraft:cobblestone_stairs":88,"minecraft:cooked_mutton":1,"minecraft:spruce_pressure_plate":4,"minecraft:glass":25,"minecraft:bow":1,"minecraft:iron_boots":1,"minecraft:chest":2,"minecraft:stone_hoe":1,"minecraft:oak_fence":6,"minecraft:glass_bottle":15,"minecraft:oak_slab":12,"minecraft:wooden_shovel":3,"minecraft:arrow":20,"minecraft:emerald":14,"minecraft:cooked_porkchop":3,"minecraft:diamond_axe":1,"minecraft:crafting_table":12,"minecraft:spruce_planks":272,"minecraft:wooden_pickaxe":3,"minecraft:baked_potato":63,"minecraft:iron_helmet":1,"minecraft:spruce_door":3,"minecraft:red_wool":7,"minecraft:copper_ingot":112,"minecraft:birch_planks":52,"minecraft:pumpkin_seeds":12,"minecraft:campfire":5,"minecraft:iron_chestplate":2,"minecraft:shield":1,"minecraft:stick":168,"minecraft:iron_ingot":83,"minecraft:iron_pickaxe":2,"minecraft:stone_sword":2,"minecraft:snow_block":11,"minecraft:composter":1,"minecraft:spruce_fence_gate":1,"minecraft:shears":2,"minecraft:stone_shovel":2,"minecraft:fishing_rod":1,"minecraft:smooth_stone_slab":6,"minecraft:beehive":2,"minecraft:leather_leggings":1,"minecraft:furnace":9,"minecraft:jack_o_lantern":2,"minecraft:bone_meal":9,"minecraft:spruce_fence":6,"minecraft:stone_pickaxe":7,"minecraft:honey_block":2,"minecraft:cooked_beef":4,"minecraft:sugar":59,"minecraft:red_dye":7,"minecraft:bowl":4,"minecraft:red_bed":1,"minecraft:stone_axe":4,"minecraft:bread":55,"minecraft:oak_boat":1,"minecraft:wooden_axe":4,"minecraft:iron_shovel":1,"minecraft:iron_leggings":1,"minecraft:armor_stand":1,"minecraft:white_bed":1,"minecraft:pumpkin_pie":28,"minecraft:torch":208},"minecraft:dropped":{"minecraft:baked_potato":44,"minecraft:dirt":17,"minecraft:seagrass":4,"minecraft:pumpkin_pie":1,"minecraft:stone_axe":1,"minecraft:rotten_flesh":1,"minecraft:oak_planks":1,"minecraft:egg":16,"minecraft:water_bucket":1,"minecraft:bread":10,"minecraft:oak_slab":1,"minecraft:wheat_seeds":79,"minecraft:poisonous_potato":1,"minecraft:oak_fence":2,"minecraft:diorite":1,"minecraft:wooden_axe":1,"minecraft:string":3,"minecraft:shears":1,"minecraft:peony":1,"minecraft:oak_sapling":3,"minecraft:spider_eye":1},"minecraft:custom":{"minecraft:animals_bred":127,"minecraft:interact_with_crafting_table":105,"minecraft:open_barrel":31,"minecraft:leave_game":18,"minecraft:time_since_death":126408,"minecraft:sprint_one_cm":1374430,"minecraft:damage_blocked_by_shield":4200,"minecraft:drop":112,"minecraft:talked_to_villager":27,"minecraft:play_time":515056,"minecraft:deaths":7,"minecraft:jump":2809,"minecraft:interact_with_brewingstand":2,"minecraft:walk_on_water_one_cm":49085,"minecraft:interact_with_furnace":96,"minecraft:traded_with_villager":15,"minecraft:sleep_in_bed":23,"minecraft:damage_dealt":10638,"minecraft:crouch_one_cm":3344,"minecraft:horse_one_cm":589,"minecraft:mob_kills":87,"minecraft:interact_with_campfire":3,"minecraft:climb_one_cm":1552,"minecraft:walk_one_cm":2450475,"minecraft:sneak_time":2414,"minecraft:walk_under_water_one_cm":13658,"minecraft:boat_one_cm":80864,"minecraft:total_world_time":515056,"minecraft:time_since_rest":17685,"minecraft:damage_taken":4919,"minecraft:damage_absorbed":40,"minecraft:swim_one_cm":27712,"minecraft:fly_one_cm":165574,"minecraft:open_chest":39,"minecraft:fall_one_cm":18111},"minecraft:broken":{"minecraft:wooden_shovel":2,"minecraft:stone_pickaxe":6,"minecraft:stone_axe":3,"minecraft:stone_shovel":2,"minecraft:stone_sword":2,"minecraft:stone_hoe":1,"minecraft:shield":1,"minecraft:iron_pickaxe":1},"minecraft:mined":{"minecraft:spruce_planks":14,"minecraft:cobblestone_stairs":4,"minecraft:brewing_stand":1,"minecraft:carved_pumpkin":2,"minecraft:granite":9,"minecraft:grass_block":134,"minecraft:oxeye_daisy":2,"minecraft:spawner":1,"minecraft:smooth_stone":1,"minecraft:iron_ore":110,"minecraft:barrel":2,"minecraft:pumpkin":48,"minecraft:dirt_path":1,"minecraft:oak_stairs":1,"minecraft:brown_mushroom":13,"minecraft:torch":18,"minecraft:poppy":2,"minecraft:chest":1,"minecraft:cobblestone":11,"minecraft:sugar_cane":38,"minecraft:oak_planks":58,"minecraft:wall_torch":6,"minecraft:chain":4,"minecraft:birch_log":13,"minecraft:wheat":522,"minecraft:grass":626,"minecraft:oak_log":29,"minecraft:beetroots":27,"minecraft:sand":25,"minecraft:dirt":383,"minecraft:oak_leaves":57,"minecraft:deepslate":5,"minecraft:diamond_ore":5,"minecraft:spruce_fence":1,"minecraft:redstone_wire":11,"minecraft:spruce_leaves":106,"minecraft:large_fern":13,"minecraft:furnace":3,"minecraft:carrots":29,"minecraft:snow":39,"minecraft:andesite":8,"minecraft:peony":12,"minecraft:potatoes":62,"minecraft:deepslate_iron_ore":14,"minecraft:rail":34,"minecraft:packed_ice":8,"minecraft:stone":554,"minecraft:podzol":28,"minecraft:snow_block":2,"minecraft:dandelion":32,"minecraft:oak_fence":18,"minecraft:crafting_table":4,"minecraft:cornflower":2,"minecraft:rose_bush":7,"minecraft:tall_grass":39,"minecraft:copper_ore":34,"minecraft:lapis_ore":3,"minecraft:diorite":48,"minecraft:beehive":1,"minecraft:spruce_log":244,"minecraft:birch_leaves":2,"minecraft:yellow_bed":3,"minecraft:coal_ore":190,"minecraft:gravel":34,"minecraft:cobweb":93,"minecraft:fern":3},"minecraft:killed_by":{"minecraft:cave_spider":3,"minecraft:zombie":1,"minecraft:spider":1,"minecraft:skeleton":2},"minecraft:picked_up":{"minecraft:seagrass":6,"minecraft:iron_chestplate":1,"minecraft:wheat":496,"minecraft:oak_stairs":1,"minecraft:potion":1,"minecraft:brewing_stand":1,"minecraft:string":194,"minecraft:raw_copper":245,"minecraft:beetroot":28,"minecraft:activator_rail":9,"minecraft:cobbled_deepslate":5,"minecraft:smooth_stone":1,"minecraft:bucket":1,"minecraft:spruce_planks":169,"minecraft:rose_bush":5,"minecraft:iron_pickaxe":5,"minecraft:furnace":5,"minecraft:beehive":1,"minecraft:stick":87,"minecraft:oak_fence":25,"minecraft:torch":82,"minecraft:porkchop":3,"minecraft:diorite":109,"minecraft:stone_sword":5,"minecraft:rotten_flesh":33,"minecraft:honey_bottle":8,"minecraft:carved_pumpkin":2,"minecraft:snowball":47,"minecraft:cobblestone":944,"minecraft:birch_log":13,"minecraft:feather":24,"minecraft:andesite":12,"minecraft:potato":190,"minecraft:flint":15,"minecraft:dirt":764,"minecraft:lapis_lazuli":14,"minecraft:leather_boots":5,"minecraft:glass":16,"minecraft:bone":19,"minecraft:bow":4,"minecraft:wheat_seeds":1489,"minecraft:oak_planks":134,"minecraft:honeycomb":6,"minecraft:poisonous_potato":2,"minecraft:sand":25,"minecraft:barrel":2,"minecraft:sugar":68,"minecraft:diamond":15,"minecraft:grass":3,"minecraft:bone_meal":32,"minecraft:golden_apple":1,"minecraft:bread":7,"minecraft:emerald":6,"minecraft:oak_sapling":5,"minecraft:oak_leaves":33,"minecraft:crafting_table":7,"minecraft:chicken":21,"minecraft:leather_leggings":2,"minecraft:brown_mushroom":25,"minecraft:chain":3,"minecraft:shield":6,"minecraft:cornflower":2,"minecraft:beef":4,"minecraft:oak_boat":5,"minecraft:poppy":2,"minecraft:sugar_cane":59,"minecraft:chest":1,"minecraft:birch_sapling":3,"minecraft:egg":222,"minecraft:raw_iron":128,"minecraft:copper_ingot":16,"minecraft:spruce_fence":1,"minecraft:carrot":264,"minecraft:redstone":48,"minecraft:arrow":14,"minecraft:cooked_cod":4,"minecraft:beetroot_seeds":71,"minecraft:pumpkin_pie":27,"minecraft:peony":11,"minecraft:gold_ingot":6,"minecraft:mutton":1,"minecraft:white_wool":19,"minecraft:rail":117,"minecraft:oxeye_daisy":2,"minecraft:salmon":3,"minecraft:leather":4,"minecraft:birch_planks":2,"minecraft:oak_log":29,"minecraft:lily_pad":1,"minecraft:yellow_bed":3,"minecraft:gunpowder":15,"minecraft:cobblestone_stairs":40,"minecraft:iron_ingot":65,"minecraft:stone_pickaxe":5,"minecraft:cooked_chicken":4,"minecraft:glass_bottle":5,"minecraft:birch_boat":3,"minecraft:pumpkin":51,"minecraft:dandelion":32,"minecraft:gravel":291,"minecraft:spruce_sapling":33,"minecraft:spruce_log":235,"minecraft:spider_eye":16,"minecraft:pumpkin_seeds":11,"minecraft:stone_axe":4,"minecraft:iron_helmet":2,"minecraft:baked_potato":45,"minecraft:coal":266},"minecraft:killed":{"minecraft:cave_spider":7,"minecraft:spider":2,"minecraft:skeleton":9,"minecraft:chicken":24,"minecraft:turtle":2,"minecraft:pig":1,"minecraft:creeper":7,"minecraft:sheep":1,"minecraft:pillager":1,"minecraft:zombie":28,"minecraft:cow":2,"minecraft:bat":1},"minecraft:used":{"minecraft:peony":9,"minecraft:beetroot":1,"minecraft:jack_o_lantern":2,"minecraft:iron_shovel":108,"minecraft:poppy":1,"minecraft:chest":3,"minecraft:shield":66,"minecraft:grass":3,"minecraft:iron_chestplate":1,"minecraft:carrot":49,"minecraft:beehive":3,"minecraft:honey_bottle":10,"minecraft:glass":4,"minecraft:birch_sapling":3,"minecraft:bow":31,"minecraft:furnace":12,"minecraft:oak_sapling":2,"minecraft:cooked_cod":4,"minecraft:beetroot_seeds":27,"minecraft:egg":171,"minecraft:potato":62,"minecraft:seagrass":2,"minecraft:diorite":7,"minecraft:spruce_door":2,"minecraft:stone_pickaxe":796,"minecraft:oak_planks":23,"minecraft:wooden_pickaxe":56,"minecraft:composter":1,"minecraft:diamond_axe":121,"minecraft:oak_leaves":33,"minecraft:golden_apple":1,"minecraft:shears":45,"minecraft:pumpkin_seeds":23,"minecraft:lightning_rod":8,"minecraft:bread":8,"minecraft:gravel":117,"minecraft:poisonous_potato":1,"minecraft:oak_boat":5,"minecraft:bone_meal":21,"minecraft:oak_fence":11,"minecraft:rose_bush":2,"minecraft:stone_sword":222,"minecraft:armor_stand":1,"minecraft:stone_shovel":274,"minecraft:redstone":21,"minecraft:spruce_planks":170,"minecraft:wooden_shovel":181,"minecraft:stone_hoe":181,"minecraft:cooked_chicken":7,"minecraft:torch":194,"minecraft:brewing_stand":1,"minecraft:dirt":341,"minecraft:spruce_fence":6,"minecraft:wooden_axe":45,"minecraft:barrel":4,"minecraft:cooked_beef":4,"minecraft:pumpkin":1,"minecraft:wheat_seeds":977,"minecraft:cooked_mutton":1,"minecraft:water_bucket":7,"minecraft:cobblestone_stairs":80,"minecraft:snow_block":2,"minecraft:glass_bottle":24,"minecraft:baked_potato":25,"minecraft:birch_boat":3,"minecraft:spruce_fence_gate":1,"minecraft:salmon":3,"minecraft:crafting_table":15,"minecraft:red_bed":1,"minecraft:white_bed":1,"minecraft:campfire":2,"minecraft:spruce_log":35,"minecraft:oak_log":1,"minecraft:cornflower":2,"minecraft:oxeye_daisy":2,"minecraft:iron_pickaxe":268,"minecraft:spruce_pressure_plate":4,"minecraft:spruce_sapling":33,"minecraft:stone_axe":492,"minecraft:cobblestone":106,"minecraft:potion":1,"minecraft:cooked_porkchop":3,"minecraft:bucket":8,"minecraft:yellow_bed":3,"minecraft:pumpkin_pie":23,"minecraft:dandelion":30,"minecraft:smooth_stone":1}},"DataVersion":3465}