{"stats":{"minecraft:custom":{"minecraft:mob_kills":9,"minecraft:animals_bred":2,"minecraft:interact_with_crafting_table":34,"minecraft:leave_game":10,"minecraft:time_since_death":72901,"minecraft:sprint_one_cm":362050,"minecraft:walk_one_cm":629695,"minecraft:damage_blocked_by_shield":660,"minecraft:drop":23,"minecraft:talked_to_villager":3,"minecraft:play_time":126519,"minecraft:deaths":2,"minecraft:sneak_time":239,"minecraft:walk_under_water_one_cm":10701,"minecraft:boat_one_cm":80864,"minecraft:jump":804,"minecraft:walk_on_water_one_cm":9739,"minecraft:total_world_time":126519,"minecraft:interact_with_furnace":24,"minecraft:sleep_in_bed":2,"minecraft:time_since_rest":8993,"minecraft:damage_taken":890,"minecraft:damage_dealt":1678,"minecraft:swim_one_cm":23586,"minecraft:fly_one_cm":46164,"minecraft:open_chest":1,"minecraft:crouch_one_cm":1417,"minecraft:fall_one_cm":5340},"minecraft:killed_by":{"minecraft:spider":1,"minecraft:zombie":1},"minecraft:broken":{"minecraft:wooden_shovel":2,"minecraft:stone_axe":1},"minecraft:used":{"minecraft:beetroot":1,"minecraft:peony":3,"minecraft:rose_bush":2,"minecraft:stone_shovel":34,"minecraft:chest":1,"minecraft:spruce_planks":66,"minecraft:shield":13,"minecraft:wooden_shovel":181,"minecraft:grass":3,"minecraft:stone_hoe":140,"minecraft:torch":22,"minecraft:dirt":51,"minecraft:carrot":6,"minecraft:honey_bottle":6,"minecraft:wooden_axe":45,"minecraft:birch_sapling":3,"minecraft:furnace":4,"minecraft:oak_sapling":2,"minecraft:cooked_cod":1,"minecraft:egg":4,"minecraft:cooked_beef":4,"minecraft:seagrass":2,"minecraft:pumpkin":1,"minecraft:wheat_seeds":48,"minecraft:cooked_mutton":1,"minecraft:diorite":5,"minecraft:spruce_door":2,"minecraft:snow_block":2,"minecraft:glass_bottle":5,"minecraft:stone_pickaxe":116,"minecraft:oak_planks":10,"minecraft:birch_boat":3,"minecraft:wooden_pickaxe":56,"minecraft:oak_leaves":12,"minecraft:salmon":3,"minecraft:crafting_table":6,"minecraft:shears":21,"minecraft:pumpkin_seeds":16,"minecraft:oxeye_daisy":1,"minecraft:spruce_sapling":26,"minecraft:stone_axe":237,"minecraft:cobblestone":16,"minecraft:potion":1,"minecraft:pumpkin_pie":1,"minecraft:yellow_bed":3,"minecraft:oak_boat":5,"minecraft:dandelion":2,"minecraft:bone_meal":9},"minecraft:mined":{"minecraft:carved_pumpkin":2,"minecraft:grass_block":40,"minecraft:spruce_leaves":68,"minecraft:oxeye_daisy":1,"minecraft:large_fern":13,"minecraft:furnace":2,"minecraft:carrots":2,"minecraft:iron_ore":2,"minecraft:snow":39,"minecraft:andesite":4,"minecraft:pumpkin":9,"minecraft:peony":4,"minecraft:packed_ice":8,"minecraft:stone":53,"minecraft:brown_mushroom":13,"minecraft:snow_block":2,"minecraft:dandelion":2,"minecraft:crafting_table":2,"minecraft:rose_bush":5,"minecraft:tall_grass":10,"minecraft:copper_ore":8,"minecraft:cobblestone":4,"minecraft:oak_planks":2,"minecraft:sugar_cane":7,"minecraft:diorite":6,"minecraft:birch_log":13,"minecraft:wheat":1,"minecraft:spruce_log":163,"minecraft:birch_leaves":2,"minecraft:yellow_bed":3,"minecraft:grass":347,"minecraft:oak_log":25,"minecraft:coal_ore":53,"minecraft:sand":25,"minecraft:dirt":148,"minecraft:oak_leaves":28,"minecraft:fern":3},"minecraft:crafted":{"minecraft:oak_planks":100,"minecraft:stone_shovel":1,"minecraft:birch_boat":1,"minecraft:furnace":2,"minecraft:bone_meal":9,"minecraft:cooked_mutton":1,"minecraft:glass":25,"minecraft:stone_pickaxe":1,"minecraft:chest":1,"minecraft:stone_hoe":1,"minecraft:cooked_beef":4,"minecraft:sugar":8,"minecraft:red_dye":2,"minecraft:glass_bottle":3,"minecraft:wooden_shovel":3,"minecraft:crafting_table":5,"minecraft:spruce_planks":80,"minecraft:wooden_pickaxe":3,"minecraft:spruce_door":3,"minecraft:bowl":4,"minecraft:copper_ingot":32,"minecraft:pumpkin_seeds":8,"minecraft:birch_planks":52,"minecraft:stone_axe":2,"minecraft:oak_boat":1,"minecraft:stick":68,"minecraft:iron_ingot":2,"minecraft:wooden_axe":4,"minecraft:snow_block":11,"minecraft:pumpkin_pie":3,"minecraft:torch":84,"minecraft:shears":1},"minecraft:dropped":{"minecraft:dirt":13,"minecraft:wooden_axe":1,"minecraft:seagrass":4,"minecraft:pumpkin_pie":1,"minecraft:string":3,"minecraft:stone_axe":1,"minecraft:spider_eye":1},"minecraft:killed":{"minecraft:spider":1,"minecraft:skeleton":2,"minecraft:turtle":2,"minecraft:sheep":1,"minecraft:cow":2},"minecraft:picked_up":{"minecraft:seagrass":6,"minecraft:crafting_table":2,"minecraft:wheat":1,"minecraft:brown_mushroom":25,"minecraft:potion":1,"minecraft:shield":2,"minecraft:string":3,"minecraft:raw_copper":64,"minecraft:beetroot":1,"minecraft:beef":4,"minecraft:oak_boat":5,"minecraft:rose_bush":3,"minecraft:sugar_cane":8,"minecraft:birch_sapling":3,"minecraft:egg":10,"minecraft:furnace":2,"minecraft:stick":19,"minecraft:raw_iron":2,"minecraft:diorite":8,"minecraft:carrot":6,"minecraft:arrow":2,"minecraft:honey_bottle":2,"minecraft:cooked_cod":4,"minecraft:peony":3,"minecraft:carved_pumpkin":2,"minecraft:mutton":1,"minecraft:snowball":47,"minecraft:white_wool":11,"minecraft:cobblestone":56,"minecraft:oxeye_daisy":1,"minecraft:birch_log":13,"minecraft:salmon":3,"minecraft:andesite":6,"minecraft:leather":4,"minecraft:birch_planks":2,"minecraft:oak_log":25,"minecraft:lily_pad":1,"minecraft:yellow_bed":3,"minecraft:dirt":221,"minecraft:glass":16,"minecraft:bone":6,"minecraft:wheat_seeds":56,"minecraft:stone_pickaxe":1,"minecraft:iron_ingot":2,"minecraft:glass_bottle":1,"minecraft:oak_planks":20,"minecraft:birch_boat":3,"minecraft:pumpkin":9,"minecraft:dandelion":2,"minecraft:sand":25,"minecraft:spruce_sapling":27,"minecraft:spruce_log":154,"minecraft:spider_eye":2,"minecraft:pumpkin_seeds":8,"minecraft:stone_axe":2,"minecraft:grass":3,"minecraft:oak_sapling":2,"minecraft:coal":52,"minecraft:oak_leaves":12}},"DataVersion":3465}