{"stats":{"minecraft:custom":{"minecraft:interact_with_furnace":14,"minecraft:mob_kills":3,"minecraft:interact_with_crafting_table":17,"minecraft:leave_game":5,"minecraft:time_since_death":28597,"minecraft:time_since_rest":28903,"minecraft:sprint_one_cm":98664,"minecraft:damage_taken":330,"minecraft:walk_one_cm":234380,"minecraft:drop":1,"minecraft:damage_dealt":428,"minecraft:swim_one_cm":14541,"minecraft:fly_one_cm":10841,"minecraft:crouch_one_cm":1313,"minecraft:play_time":38808,"minecraft:deaths":1,"minecraft:sneak_time":220,"minecraft:walk_under_water_one_cm":7857,"minecraft:boat_one_cm":69403,"minecraft:jump":267,"minecraft:walk_on_water_one_cm":4065,"minecraft:total_world_time":38808,"minecraft:fall_one_cm":3420},"minecraft:killed_by":{"minecraft:zombie":1},"minecraft:used":{"minecraft:cooked_mutton":1,"minecraft:diorite":2,"minecraft:snow_block":2,"minecraft:glass_bottle":1,"minecraft:stone_pickaxe":26,"minecraft:wooden_pickaxe":56,"minecraft:birch_boat":2,"minecraft:wooden_shovel":59,"minecraft:torch":7,"minecraft:crafting_table":5,"minecraft:wooden_axe":45,"minecraft:birch_sapling":3,"minecraft:spruce_sapling":2,"minecraft:stone_axe":6,"minecraft:furnace":3,"minecraft:oak_sapling":1,"minecraft:oak_boat":5,"minecraft:cooked_beef":1,"minecraft:pumpkin":1},"minecraft:mined":{"minecraft:brown_mushroom":12,"minecraft:snow_block":2,"minecraft:crafting_table":1,"minecraft:grass_block":5,"minecraft:rose_bush":4,"minecraft:spruce_leaves":25,"minecraft:sugar_cane":3,"minecraft:diorite":2,"minecraft:large_fern":1,"minecraft:furnace":2,"minecraft:birch_log":13,"minecraft:snow":16,"minecraft:andesite":3,"minecraft:birch_leaves":2,"minecraft:pumpkin":5,"minecraft:peony":1,"minecraft:grass":12,"minecraft:coal_ore":22,"minecraft:oak_log":25,"minecraft:dirt":10,"minecraft:sand":25,"minecraft:packed_ice":8,"minecraft:stone":28,"minecraft:oak_leaves":11,"minecraft:fern":3},"minecraft:crafted":{"minecraft:cooked_beef":1,"minecraft:sugar":4,"minecraft:glass_bottle":3,"minecraft:oak_planks":100,"minecraft:wooden_shovel":1,"minecraft:crafting_table":5,"minecraft:wooden_pickaxe":3,"minecraft:birch_boat":1,"minecraft:bowl":4,"minecraft:furnace":1,"minecraft:pumpkin_seeds":4,"minecraft:birch_planks":52,"minecraft:stone_axe":1,"minecraft:cooked_mutton":1,"minecraft:glass":3,"minecraft:oak_boat":1,"minecraft:stick":52,"minecraft:stone_pickaxe":1,"minecraft:wooden_axe":4,"minecraft:snow_block":2,"minecraft:torch":36},"minecraft:dropped":{"minecraft:wooden_axe":1},"minecraft:killed":{"minecraft:sheep":1,"minecraft:cow":2},"minecraft:picked_up":{"minecraft:birch_log":13,"minecraft:crafting_table":1,"minecraft:andesite":3,"minecraft:leather":2,"minecraft:brown_mushroom":12,"minecraft:oak_log":25,"minecraft:shield":1,"minecraft:dirt":15,"minecraft:wheat_seeds":2,"minecraft:beef":4,"minecraft:oak_boat":5,"minecraft:rose_bush":2,"minecraft:sugar_cane":4,"minecraft:birch_sapling":3,"minecraft:furnace":2,"minecraft:stick":3,"minecraft:birch_boat":2,"minecraft:pumpkin":5,"minecraft:sand":25,"minecraft:spruce_sapling":2,"minecraft:diorite":2,"minecraft:oak_sapling":2,"minecraft:coal":22,"minecraft:mutton":1,"minecraft:snowball":24,"minecraft:white_wool":1,"minecraft:cobblestone":28}},"DataVersion":3465}