{"stats":{"minecraft:crafted":{"minecraft:oak_planks":112,"minecraft:stone_shovel":2,"minecraft:barrel":2,"minecraft:fishing_rod":1,"minecraft:birch_boat":1,"minecraft:lightning_rod":8,"minecraft:furnace":4,"minecraft:cobblestone_stairs":88,"minecraft:jack_o_lantern":2,"minecraft:bone_meal":9,"minecraft:cooked_mutton":1,"minecraft:glass":25,"minecraft:bow":1,"minecraft:stone_pickaxe":7,"minecraft:chest":2,"minecraft:honey_block":1,"minecraft:stone_hoe":1,"minecraft:oak_fence":3,"minecraft:cooked_beef":4,"minecraft:sugar":27,"minecraft:red_dye":7,"minecraft:glass_bottle":3,"minecraft:oak_slab":12,"minecraft:wooden_shovel":3,"minecraft:arrow":4,"minecraft:emerald":2,"minecraft:crafting_table":8,"minecraft:spruce_planks":184,"minecraft:iron_helmet":1,"minecraft:wooden_pickaxe":3,"minecraft:baked_potato":63,"minecraft:bowl":4,"minecraft:spruce_door":3,"minecraft:red_bed":1,"minecraft:red_wool":7,"minecraft:copper_ingot":112,"minecraft:birch_planks":52,"minecraft:pumpkin_seeds":12,"minecraft:stone_axe":4,"minecraft:bread":17,"minecraft:oak_boat":1,"minecraft:stick":92,"minecraft:iron_ingot":8,"minecraft:iron_pickaxe":1,"minecraft:wooden_axe":4,"minecraft:stone_sword":1,"minecraft:snow_block":11,"minecraft:white_bed":1,"minecraft:pumpkin_pie":7,"minecraft:composter":1,"minecraft:torch":84,"minecraft:shears":1},"minecraft:killed_by":{"minecraft:spider":1,"minecraft:cave_spider":3,"minecraft:zombie":1},"minecraft:dropped":{"minecraft:water_bucket":1,"minecraft:bread":10,"minecraft:wheat_seeds":68,"minecraft:baked_potato":44,"minecraft:oak_fence":2,"minecraft:dirt":13,"minecraft:wooden_axe":1,"minecraft:seagrass":4,"minecraft:pumpkin_pie":1,"minecraft:string":3,"minecraft:stone_axe":1,"minecraft:shears":1,"minecraft:spider_eye":1},"minecraft:picked_up":{"minecraft:seagrass":6,"minecraft:crafting_table":6,"minecraft:wheat":160,"minecraft:chicken":1,"minecraft:brown_mushroom":25,"minecraft:potion":1,"minecraft:brewing_stand":1,"minecraft:shield":5,"minecraft:string":146,"minecraft:raw_copper":228,"minecraft:beetroot":1,"minecraft:activator_rail":9,"minecraft:smooth_stone":1,"minecraft:bucket":1,"minecraft:spruce_planks":160,"minecraft:beef":4,"minecraft:oak_boat":5,"minecraft:rose_bush":5,"minecraft:poppy":1,"minecraft:iron_pickaxe":3,"minecraft:sugar_cane":27,"minecraft:chest":1,"minecraft:birch_sapling":3,"minecraft:furnace":5,"minecraft:egg":13,"minecraft:stick":76,"minecraft:raw_iron":12,"minecraft:copper_ingot":16,"minecraft:oak_fence":12,"minecraft:torch":71,"minecraft:diorite":104,"minecraft:carrot":6,"minecraft:redstone":36,"minecraft:stone_sword":3,"minecraft:arrow":4,"minecraft:honey_bottle":8,"minecraft:rotten_flesh":3,"minecraft:cooked_cod":4,"minecraft:pumpkin_pie":9,"minecraft:peony":3,"minecraft:carved_pumpkin":2,"minecraft:gold_ingot":2,"minecraft:mutton":1,"minecraft:cobblestone":762,"minecraft:rail":108,"minecraft:snowball":47,"minecraft:white_wool":15,"minecraft:oxeye_daisy":1,"minecraft:birch_log":13,"minecraft:feather":1,"minecraft:andesite":9,"minecraft:salmon":3,"minecraft:leather":4,"minecraft:potato":98,"minecraft:birch_planks":2,"minecraft:flint":1,"minecraft:oak_log":29,"minecraft:lily_pad":1,"minecraft:yellow_bed":3,"minecraft:gunpowder":10,"minecraft:cobblestone_stairs":40,"minecraft:lapis_lazuli":14,"minecraft:dirt":689,"minecraft:leather_boots":4,"minecraft:glass":16,"minecraft:bone":7,"minecraft:wheat_seeds":596,"minecraft:cooked_chicken":1,"minecraft:iron_ingot":3,"minecraft:stone_pickaxe":5,"minecraft:glass_bottle":5,"minecraft:oak_planks":115,"minecraft:birch_boat":3,"minecraft:pumpkin":26,"minecraft:dandelion":2,"minecraft:poisonous_potato":1,"minecraft:gravel":66,"minecraft:sand":25,"minecraft:spruce_sapling":31,"minecraft:spruce_log":215,"minecraft:barrel":2,"minecraft:spider_eye":16,"minecraft:pumpkin_seeds":11,"minecraft:sugar":68,"minecraft:stone_axe":4,"minecraft:grass":3,"minecraft:bone_meal":16,"minecraft:emerald":6,"minecraft:bread":7,"minecraft:baked_potato":45,"minecraft:oak_sapling":5,"minecraft:oak_leaves":33,"minecraft:coal":179},"minecraft:used":{"minecraft:oak_fence":2,"minecraft:peony":3,"minecraft:beetroot":1,"minecraft:jack_o_lantern":2,"minecraft:rose_bush":2,"minecraft:stone_sword":56,"minecraft:stone_shovel":274,"minecraft:chest":2,"minecraft:spruce_planks":105,"minecraft:shield":38,"minecraft:wooden_shovel":181,"minecraft:grass":3,"minecraft:stone_hoe":181,"minecraft:torch":79,"minecraft:dirt":270,"minecraft:carrot":6,"minecraft:honey_bottle":8,"minecraft:glass":4,"minecraft:wooden_axe":45,"minecraft:birch_sapling":3,"minecraft:barrel":4,"minecraft:oak_sapling":2,"minecraft:furnace":7,"minecraft:cooked_cod":4,"minecraft:egg":4,"minecraft:potato":35,"minecraft:cooked_beef":4,"minecraft:seagrass":2,"minecraft:pumpkin":1,"minecraft:wheat_seeds":363,"minecraft:cooked_mutton":1,"minecraft:water_bucket":7,"minecraft:diorite":6,"minecraft:cobblestone_stairs":80,"minecraft:spruce_door":2,"minecraft:snow_block":2,"minecraft:glass_bottle":11,"minecraft:stone_pickaxe":671,"minecraft:baked_potato":15,"minecraft:oak_planks":22,"minecraft:wooden_pickaxe":56,"minecraft:birch_boat":3,"minecraft:oak_leaves":33,"minecraft:salmon":3,"minecraft:crafting_table":10,"minecraft:red_bed":1,"minecraft:white_bed":1,"minecraft:spruce_log":35,"minecraft:shears":41,"minecraft:pumpkin_seeds":23,"minecraft:oak_log":1,"minecraft:oxeye_daisy":1,"minecraft:bread":8,"minecraft:iron_pickaxe":8,"minecraft:spruce_sapling":31,"minecraft:stone_axe":435,"minecraft:cobblestone":42,"minecraft:potion":1,"minecraft:poisonous_potato":1,"minecraft:bucket":8,"minecraft:pumpkin_pie":2,"minecraft:yellow_bed":3,"minecraft:oak_boat":5,"minecraft:smooth_stone":1,"minecraft:dandelion":2,"minecraft:bone_meal":9},"minecraft:killed":{"minecraft:cave_spider":7,"minecraft:spider":1,"minecraft:skeleton":3,"minecraft:chicken":1,"minecraft:turtle":2,"minecraft:creeper":2,"minecraft:sheep":1,"minecraft:pillager":1,"minecraft:zombie":2,"minecraft:cow":2},"minecraft:broken":{"minecraft:wooden_shovel":2,"minecraft:stone_hoe":1,"minecraft:stone_pickaxe":5,"minecraft:stone_axe":3,"minecraft:stone_shovel":2},"minecraft:mined":{"minecraft:spruce_planks":5,"minecraft:cobblestone_stairs":4,"minecraft:brewing_stand":1,"minecraft:carved_pumpkin":2,"minecraft:grass_block":71,"minecraft:spruce_leaves":76,"minecraft:oxeye_daisy":1,"minecraft:large_fern":13,"minecraft:smooth_stone":1,"minecraft:furnace":3,"minecraft:carrots":2,"minecraft:iron_ore":8,"minecraft:barrel":2,"minecraft:snow":39,"minecraft:andesite":5,"minecraft:pumpkin":23,"minecraft:peony":4,"minecraft:potatoes":35,"minecraft:dirt_path":1,"minecraft:rail":25,"minecraft:packed_ice":8,"minecraft:stone":442,"minecraft:podzol":28,"minecraft:brown_mushroom":13,"minecraft:snow_block":2,"minecraft:dandelion":2,"minecraft:oak_fence":7,"minecraft:crafting_table":3,"minecraft:torch":9,"minecraft:poppy":1,"minecraft:chest":1,"minecraft:rose_bush":7,"minecraft:copper_ore":30,"minecraft:tall_grass":10,"minecraft:cobblestone":5,"minecraft:lapis_ore":3,"minecraft:oak_planks":38,"minecraft:sugar_cane":22,"minecraft:diorite":47,"minecraft:wall_torch":4,"minecraft:birch_log":13,"minecraft:wheat":162,"minecraft:spruce_log":224,"minecraft:birch_leaves":2,"minecraft:yellow_bed":3,"minecraft:grass":441,"minecraft:oak_log":29,"minecraft:coal_ore":99,"minecraft:gravel":16,"minecraft:sand":25,"minecraft:dirt":366,"minecraft:cobweb":45,"minecraft:oak_leaves":52,"minecraft:fern":3},"minecraft:custom":{"minecraft:mob_kills":24,"minecraft:animals_bred":5,"minecraft:interact_with_crafting_table":67,"minecraft:open_barrel":4,"minecraft:leave_game":15,"minecraft:time_since_death":27720,"minecraft:sprint_one_cm":679098,"minecraft:walk_one_cm":1348367,"minecraft:damage_blocked_by_shield":2100,"minecraft:drop":82,"minecraft:talked_to_villager":14,"minecraft:play_time":294813,"minecraft:sneak_time":962,"minecraft:deaths":5,"minecraft:walk_under_water_one_cm":10701,"minecraft:boat_one_cm":80864,"minecraft:jump":1418,"minecraft:walk_on_water_one_cm":11218,"minecraft:total_world_time":294813,"minecraft:interact_with_furnace":49,"minecraft:traded_with_villager":2,"minecraft:sleep_in_bed":11,"minecraft:time_since_rest":2354,"minecraft:damage_taken":2790,"minecraft:damage_dealt":4222,"minecraft:swim_one_cm":23586,"minecraft:fly_one_cm":80510,"minecraft:open_chest":18,"minecraft:crouch_one_cm":2447,"minecraft:fall_one_cm":7852}},"DataVersion":3465}