{"stats":{"minecraft:crafted":{"minecraft:oak_planks":112,"minecraft:stone_shovel":2,"minecraft:barrel":2,"minecraft:fishing_rod":1,"minecraft:leather_leggings":1,"minecraft:birch_boat":1,"minecraft:lightning_rod":8,"minecraft:furnace":5,"minecraft:cobblestone_stairs":88,"minecraft:jack_o_lantern":2,"minecraft:bone_meal":9,"minecraft:spruce_fence":6,"minecraft:spruce_pressure_plate":4,"minecraft:cooked_mutton":1,"minecraft:glass":25,"minecraft:bow":1,"minecraft:stone_pickaxe":7,"minecraft:chest":2,"minecraft:honey_block":2,"minecraft:stone_hoe":1,"minecraft:oak_fence":6,"minecraft:cooked_beef":4,"minecraft:sugar":27,"minecraft:red_dye":7,"minecraft:glass_bottle":3,"minecraft:oak_slab":12,"minecraft:wooden_shovel":3,"minecraft:emerald":7,"minecraft:arrow":4,"minecraft:crafting_table":9,"minecraft:spruce_planks":228,"minecraft:iron_helmet":1,"minecraft:wooden_pickaxe":3,"minecraft:baked_potato":63,"minecraft:bowl":4,"minecraft:spruce_door":3,"minecraft:red_bed":1,"minecraft:red_wool":7,"minecraft:copper_ingot":112,"minecraft:birch_planks":52,"minecraft:pumpkin_seeds":12,"minecraft:stone_axe":4,"minecraft:bread":55,"minecraft:oak_boat":1,"minecraft:iron_chestplate":1,"minecraft:stick":100,"minecraft:iron_ingot":24,"minecraft:iron_pickaxe":1,"minecraft:wooden_axe":4,"minecraft:stone_sword":1,"minecraft:snow_block":11,"minecraft:white_bed":1,"minecraft:pumpkin_pie":16,"minecraft:composter":1,"minecraft:spruce_fence_gate":1,"minecraft:torch":104,"minecraft:shears":1},"minecraft:custom":{"minecraft:mob_kills":35,"minecraft:animals_bred":27,"minecraft:interact_with_crafting_table":73,"minecraft:open_barrel":11,"minecraft:leave_game":16,"minecraft:time_since_death":106506,"minecraft:climb_one_cm":1552,"minecraft:sprint_one_cm":966592,"minecraft:walk_one_cm":1773733,"minecraft:damage_blocked_by_shield":2370,"minecraft:drop":86,"minecraft:talked_to_villager":23,"minecraft:play_time":373599,"minecraft:sneak_time":1168,"minecraft:deaths":5,"minecraft:walk_under_water_one_cm":11830,"minecraft:boat_one_cm":80864,"minecraft:jump":1867,"minecraft:walk_on_water_one_cm":28056,"minecraft:total_world_time":373599,"minecraft:interact_with_furnace":57,"minecraft:traded_with_villager":8,"minecraft:sleep_in_bed":16,"minecraft:time_since_rest":17406,"minecraft:damage_taken":3105,"minecraft:damage_dealt":5523,"minecraft:swim_one_cm":23586,"minecraft:fly_one_cm":113727,"minecraft:open_chest":28,"minecraft:crouch_one_cm":2640,"minecraft:fall_one_cm":11874,"minecraft:horse_one_cm":270},"minecraft:dropped":{"minecraft:water_bucket":1,"minecraft:bread":10,"minecraft:wheat_seeds":68,"minecraft:baked_potato":44,"minecraft:poisonous_potato":1,"minecraft:oak_fence":2,"minecraft:dirt":14,"minecraft:diorite":1,"minecraft:wooden_axe":1,"minecraft:seagrass":4,"minecraft:pumpkin_pie":1,"minecraft:string":3,"minecraft:stone_axe":1,"minecraft:oak_planks":1,"minecraft:shears":1,"minecraft:spider_eye":1},"minecraft:broken":{"minecraft:wooden_shovel":2,"minecraft:stone_hoe":1,"minecraft:stone_pickaxe":5,"minecraft:stone_axe":3,"minecraft:stone_shovel":2},"minecraft:mined":{"minecraft:diamond_ore":5,"minecraft:spruce_planks":8,"minecraft:cobblestone_stairs":4,"minecraft:granite":4,"minecraft:brewing_stand":1,"minecraft:carved_pumpkin":2,"minecraft:spruce_fence":1,"minecraft:grass_block":88,"minecraft:redstone_wire":11,"minecraft:spruce_leaves":80,"minecraft:oxeye_daisy":1,"minecraft:large_fern":13,"minecraft:smooth_stone":1,"minecraft:carrots":29,"minecraft:furnace":3,"minecraft:iron_ore":37,"minecraft:barrel":2,"minecraft:snow":39,"minecraft:andesite":5,"minecraft:pumpkin":26,"minecraft:peony":4,"minecraft:potatoes":62,"minecraft:dirt_path":1,"minecraft:rail":25,"minecraft:oak_stairs":1,"minecraft:packed_ice":8,"minecraft:stone":481,"minecraft:podzol":28,"minecraft:brown_mushroom":13,"minecraft:snow_block":2,"minecraft:dandelion":2,"minecraft:oak_fence":9,"minecraft:crafting_table":4,"minecraft:torch":14,"minecraft:poppy":1,"minecraft:chest":1,"minecraft:rose_bush":7,"minecraft:copper_ore":34,"minecraft:tall_grass":28,"minecraft:cobblestone":10,"minecraft:lapis_ore":3,"minecraft:oak_planks":40,"minecraft:sugar_cane":22,"minecraft:diorite":48,"minecraft:wall_torch":6,"minecraft:birch_log":13,"minecraft:wheat":411,"minecraft:spruce_log":233,"minecraft:birch_leaves":2,"minecraft:yellow_bed":3,"minecraft:grass":538,"minecraft:oak_log":29,"minecraft:coal_ore":120,"minecraft:beetroots":27,"minecraft:gravel":22,"minecraft:sand":25,"minecraft:dirt":380,"minecraft:cobweb":46,"minecraft:oak_leaves":52,"minecraft:fern":3},"minecraft:killed_by":{"minecraft:spider":1,"minecraft:cave_spider":3,"minecraft:zombie":1},"minecraft:picked_up":{"minecraft:seagrass":6,"minecraft:crafting_table":7,"minecraft:wheat":391,"minecraft:chicken":3,"minecraft:brown_mushroom":25,"minecraft:oak_stairs":1,"minecraft:potion":1,"minecraft:brewing_stand":1,"minecraft:shield":5,"minecraft:string":147,"minecraft:raw_copper":245,"minecraft:beetroot":28,"minecraft:activator_rail":9,"minecraft:smooth_stone":1,"minecraft:bucket":1,"minecraft:spruce_planks":163,"minecraft:beef":4,"minecraft:oak_boat":5,"minecraft:rose_bush":5,"minecraft:poppy":1,"minecraft:iron_pickaxe":3,"minecraft:sugar_cane":27,"minecraft:chest":1,"minecraft:birch_sapling":3,"minecraft:furnace":5,"minecraft:egg":47,"minecraft:stick":76,"minecraft:raw_iron":41,"minecraft:copper_ingot":16,"minecraft:oak_fence":14,"minecraft:torch":78,"minecraft:spruce_fence":1,"minecraft:diorite":107,"minecraft:carrot":110,"minecraft:redstone":48,"minecraft:stone_sword":3,"minecraft:arrow":7,"minecraft:honey_bottle":8,"minecraft:rotten_flesh":8,"minecraft:cooked_cod":4,"minecraft:beetroot_seeds":71,"minecraft:pumpkin_pie":9,"minecraft:peony":3,"minecraft:carved_pumpkin":2,"minecraft:gold_ingot":2,"minecraft:mutton":1,"minecraft:cobblestone":807,"minecraft:rail":108,"minecraft:snowball":47,"minecraft:white_wool":15,"minecraft:oxeye_daisy":1,"minecraft:birch_log":13,"minecraft:feather":3,"minecraft:andesite":9,"minecraft:salmon":3,"minecraft:leather":4,"minecraft:potato":188,"minecraft:birch_planks":2,"minecraft:flint":4,"minecraft:oak_log":29,"minecraft:lily_pad":1,"minecraft:yellow_bed":3,"minecraft:gunpowder":13,"minecraft:cobblestone_stairs":40,"minecraft:lapis_lazuli":14,"minecraft:dirt":718,"minecraft:leather_boots":4,"minecraft:glass":16,"minecraft:bone":10,"minecraft:wheat_seeds":1168,"minecraft:iron_ingot":3,"minecraft:stone_pickaxe":5,"minecraft:cooked_chicken":1,"minecraft:glass_bottle":5,"minecraft:oak_planks":116,"minecraft:birch_boat":3,"minecraft:pumpkin":29,"minecraft:dandelion":2,"minecraft:poisonous_potato":2,"minecraft:gravel":159,"minecraft:sand":25,"minecraft:spruce_sapling":33,"minecraft:spruce_log":224,"minecraft:spider_eye":16,"minecraft:barrel":2,"minecraft:pumpkin_seeds":11,"minecraft:sugar":68,"minecraft:diamond":5,"minecraft:stone_axe":4,"minecraft:bone_meal":27,"minecraft:grass":3,"minecraft:bread":7,"minecraft:emerald":6,"minecraft:baked_potato":45,"minecraft:oak_sapling":5,"minecraft:oak_leaves":33,"minecraft:coal":197},"minecraft:killed":{"minecraft:cave_spider":7,"minecraft:spider":2,"minecraft:skeleton":3,"minecraft:chicken":3,"minecraft:turtle":2,"minecraft:bat":1,"minecraft:creeper":4,"minecraft:sheep":1,"minecraft:pillager":1,"minecraft:zombie":7,"minecraft:cow":2},"minecraft:used":{"minecraft:oak_fence":11,"minecraft:peony":3,"minecraft:beetroot":1,"minecraft:jack_o_lantern":2,"minecraft:rose_bush":2,"minecraft:stone_sword":93,"minecraft:stone_shovel":274,"minecraft:redstone":21,"minecraft:chest":3,"minecraft:spruce_planks":160,"minecraft:shield":39,"minecraft:cooked_chicken":1,"minecraft:wooden_shovel":181,"minecraft:grass":3,"minecraft:stone_hoe":181,"minecraft:torch":113,"minecraft:brewing_stand":1,"minecraft:dirt":298,"minecraft:carrot":33,"minecraft:spruce_fence":6,"minecraft:honey_bottle":8,"minecraft:glass":4,"minecraft:wooden_axe":45,"minecraft:birch_sapling":3,"minecraft:barrel":4,"minecraft:bow":10,"minecraft:oak_sapling":2,"minecraft:furnace":8,"minecraft:cooked_cod":4,"minecraft:beetroot_seeds":27,"minecraft:egg":4,"minecraft:potato":62,"minecraft:cooked_beef":4,"minecraft:seagrass":2,"minecraft:pumpkin":1,"minecraft:wheat_seeds":788,"minecraft:cooked_mutton":1,"minecraft:water_bucket":7,"minecraft:diorite":7,"minecraft:cobblestone_stairs":80,"minecraft:spruce_door":2,"minecraft:snow_block":2,"minecraft:glass_bottle":15,"minecraft:stone_pickaxe":763,"minecraft:baked_potato":25,"minecraft:oak_planks":23,"minecraft:wooden_pickaxe":56,"minecraft:birch_boat":3,"minecraft:composter":1,"minecraft:spruce_fence_gate":1,"minecraft:oak_leaves":33,"minecraft:salmon":3,"minecraft:crafting_table":12,"minecraft:red_bed":1,"minecraft:white_bed":1,"minecraft:spruce_log":35,"minecraft:shears":41,"minecraft:pumpkin_seeds":23,"minecraft:lightning_rod":8,"minecraft:oak_log":1,"minecraft:oxeye_daisy":1,"minecraft:bread":8,"minecraft:iron_pickaxe":26,"minecraft:spruce_pressure_plate":4,"minecraft:gravel":66,"minecraft:spruce_sapling":33,"minecraft:stone_axe":490,"minecraft:cobblestone":85,"minecraft:potion":1,"minecraft:poisonous_potato":1,"minecraft:bucket":8,"minecraft:pumpkin_pie":5,"minecraft:yellow_bed":3,"minecraft:oak_boat":5,"minecraft:dandelion":2,"minecraft:bone_meal":21,"minecraft:smooth_stone":1}},"DataVersion":3465}