{"stats":{"minecraft:crafted":{"minecraft:oak_planks":112,"minecraft:stone_shovel":2,"minecraft:barrel":2,"minecraft:fishing_rod":1,"minecraft:leather_leggings":1,"minecraft:cooked_chicken":5,"minecraft:birch_boat":1,"minecraft:lightning_rod":8,"minecraft:furnace":8,"minecraft:stone":81,"minecraft:cobblestone_stairs":88,"minecraft:jack_o_lantern":2,"minecraft:bone_meal":9,"minecraft:spruce_fence":6,"minecraft:spruce_pressure_plate":4,"minecraft:cooked_mutton":1,"minecraft:glass":25,"minecraft:bow":1,"minecraft:iron_boots":1,"minecraft:stone_pickaxe":7,"minecraft:chest":2,"minecraft:honey_block":2,"minecraft:stone_hoe":1,"minecraft:oak_fence":6,"minecraft:cooked_beef":4,"minecraft:sugar":27,"minecraft:red_dye":7,"minecraft:glass_bottle":15,"minecraft:oak_slab":12,"minecraft:wooden_shovel":3,"minecraft:cooked_porkchop":3,"minecraft:emerald":7,"minecraft:arrow":20,"minecraft:diamond_axe":1,"minecraft:crafting_table":10,"minecraft:spruce_planks":228,"minecraft:iron_helmet":1,"minecraft:wooden_pickaxe":3,"minecraft:baked_potato":63,"minecraft:bowl":4,"minecraft:spruce_door":3,"minecraft:red_bed":1,"minecraft:red_wool":7,"minecraft:copper_ingot":112,"minecraft:birch_planks":52,"minecraft:pumpkin_seeds":12,"minecraft:stone_axe":4,"minecraft:bread":55,"minecraft:oak_boat":1,"minecraft:iron_chestplate":2,"minecraft:shield":1,"minecraft:stick":128,"minecraft:iron_ingot":72,"minecraft:iron_pickaxe":1,"minecraft:wooden_axe":4,"minecraft:stone_sword":2,"minecraft:snow_block":11,"minecraft:iron_leggings":1,"minecraft:white_bed":1,"minecraft:pumpkin_pie":16,"minecraft:composter":1,"minecraft:spruce_fence_gate":1,"minecraft:torch":144,"minecraft:shears":1},"minecraft:custom":{"minecraft:mob_kills":41,"minecraft:animals_bred":38,"minecraft:interact_with_crafting_table":90,"minecraft:open_barrel":25,"minecraft:leave_game":16,"minecraft:time_since_death":32951,"minecraft:climb_one_cm":1552,"minecraft:sprint_one_cm":1099976,"minecraft:walk_one_cm":1988270,"minecraft:damage_blocked_by_shield":3045,"minecraft:drop":86,"minecraft:talked_to_villager":23,"minecraft:play_time":421599,"minecraft:sneak_time":1190,"minecraft:deaths":7,"minecraft:walk_under_water_one_cm":13658,"minecraft:boat_one_cm":80864,"minecraft:jump":2171,"minecraft:interact_with_brewingstand":2,"minecraft:walk_on_water_one_cm":47817,"minecraft:total_world_time":421599,"minecraft:interact_with_furnace":83,"minecraft:traded_with_villager":8,"minecraft:sleep_in_bed":17,"minecraft:time_since_rest":2660,"minecraft:damage_taken":3845,"minecraft:damage_absorbed":40,"minecraft:damage_dealt":6189,"minecraft:swim_one_cm":27712,"minecraft:fly_one_cm":128674,"minecraft:open_chest":34,"minecraft:crouch_one_cm":2740,"minecraft:fall_one_cm":14177,"minecraft:horse_one_cm":589},"minecraft:dropped":{"minecraft:water_bucket":1,"minecraft:bread":10,"minecraft:wheat_seeds":68,"minecraft:baked_potato":44,"minecraft:poisonous_potato":1,"minecraft:oak_fence":2,"minecraft:dirt":14,"minecraft:diorite":1,"minecraft:wooden_axe":1,"minecraft:seagrass":4,"minecraft:pumpkin_pie":1,"minecraft:string":3,"minecraft:stone_axe":1,"minecraft:oak_planks":1,"minecraft:shears":1,"minecraft:spider_eye":1},"minecraft:broken":{"minecraft:wooden_shovel":2,"minecraft:stone_sword":1,"minecraft:stone_hoe":1,"minecraft:stone_pickaxe":6,"minecraft:shield":1,"minecraft:stone_axe":3,"minecraft:stone_shovel":2},"minecraft:mined":{"minecraft:diamond_ore":5,"minecraft:spruce_planks":8,"minecraft:cobblestone_stairs":4,"minecraft:granite":9,"minecraft:brewing_stand":1,"minecraft:carved_pumpkin":2,"minecraft:spruce_fence":1,"minecraft:grass_block":88,"minecraft:redstone_wire":11,"minecraft:spruce_leaves":82,"minecraft:oxeye_daisy":1,"minecraft:spawner":1,"minecraft:large_fern":13,"minecraft:smooth_stone":1,"minecraft:carrots":29,"minecraft:furnace":3,"minecraft:iron_ore":93,"minecraft:barrel":2,"minecraft:snow":39,"minecraft:andesite":8,"minecraft:pumpkin":35,"minecraft:peony":4,"minecraft:potatoes":62,"minecraft:dirt_path":1,"minecraft:rail":34,"minecraft:oak_stairs":1,"minecraft:packed_ice":8,"minecraft:stone":538,"minecraft:podzol":28,"minecraft:brown_mushroom":13,"minecraft:snow_block":2,"minecraft:dandelion":2,"minecraft:oak_fence":18,"minecraft:crafting_table":4,"minecraft:torch":18,"minecraft:poppy":1,"minecraft:chest":1,"minecraft:rose_bush":7,"minecraft:copper_ore":34,"minecraft:tall_grass":31,"minecraft:cobblestone":11,"minecraft:lapis_ore":3,"minecraft:oak_planks":58,"minecraft:sugar_cane":22,"minecraft:diorite":48,"minecraft:wall_torch":6,"minecraft:chain":4,"minecraft:birch_log":13,"minecraft:wheat":412,"minecraft:spruce_log":233,"minecraft:birch_leaves":2,"minecraft:yellow_bed":3,"minecraft:grass":548,"minecraft:oak_log":29,"minecraft:coal_ore":166,"minecraft:beetroots":27,"minecraft:gravel":31,"minecraft:sand":25,"minecraft:dirt":380,"minecraft:cobweb":93,"minecraft:oak_leaves":54,"minecraft:fern":3},"minecraft:killed_by":{"minecraft:spider":1,"minecraft:cave_spider":3,"minecraft:skeleton":2,"minecraft:zombie":1},"minecraft:picked_up":{"minecraft:iron_chestplate":1,"minecraft:seagrass":6,"minecraft:crafting_table":7,"minecraft:wheat":392,"minecraft:chicken":6,"minecraft:leather_leggings":2,"minecraft:brown_mushroom":25,"minecraft:oak_stairs":1,"minecraft:potion":1,"minecraft:chain":3,"minecraft:brewing_stand":1,"minecraft:shield":6,"minecraft:string":194,"minecraft:raw_copper":245,"minecraft:beetroot":28,"minecraft:activator_rail":9,"minecraft:smooth_stone":1,"minecraft:bucket":1,"minecraft:spruce_planks":163,"minecraft:beef":4,"minecraft:oak_boat":5,"minecraft:rose_bush":5,"minecraft:poppy":1,"minecraft:iron_pickaxe":5,"minecraft:sugar_cane":27,"minecraft:chest":1,"minecraft:birch_sapling":3,"minecraft:furnace":5,"minecraft:egg":87,"minecraft:stick":86,"minecraft:raw_iron":97,"minecraft:copper_ingot":16,"minecraft:oak_fence":25,"minecraft:torch":82,"minecraft:spruce_fence":1,"minecraft:porkchop":3,"minecraft:diorite":109,"minecraft:carrot":264,"minecraft:redstone":48,"minecraft:stone_sword":5,"minecraft:arrow":10,"minecraft:honey_bottle":8,"minecraft:rotten_flesh":12,"minecraft:cooked_cod":4,"minecraft:beetroot_seeds":71,"minecraft:pumpkin_pie":27,"minecraft:peony":3,"minecraft:carved_pumpkin":2,"minecraft:gold_ingot":6,"minecraft:mutton":1,"minecraft:cobblestone":928,"minecraft:rail":117,"minecraft:snowball":47,"minecraft:white_wool":19,"minecraft:oxeye_daisy":1,"minecraft:birch_log":13,"minecraft:feather":7,"minecraft:andesite":12,"minecraft:salmon":3,"minecraft:leather":4,"minecraft:potato":188,"minecraft:birch_planks":2,"minecraft:flint":13,"minecraft:oak_log":29,"minecraft:lily_pad":1,"minecraft:yellow_bed":3,"minecraft:gunpowder":13,"minecraft:cobblestone_stairs":40,"minecraft:lapis_lazuli":14,"minecraft:dirt":718,"minecraft:leather_boots":4,"minecraft:glass":16,"minecraft:bone":12,"minecraft:bow":3,"minecraft:wheat_seeds":1171,"minecraft:iron_ingot":65,"minecraft:stone_pickaxe":5,"minecraft:cooked_chicken":1,"minecraft:glass_bottle":5,"minecraft:oak_planks":134,"minecraft:birch_boat":3,"minecraft:pumpkin":38,"minecraft:dandelion":2,"minecraft:poisonous_potato":2,"minecraft:gravel":291,"minecraft:sand":25,"minecraft:spruce_sapling":33,"minecraft:spruce_log":224,"minecraft:spider_eye":16,"minecraft:barrel":2,"minecraft:pumpkin_seeds":11,"minecraft:sugar":68,"minecraft:diamond":15,"minecraft:stone_axe":4,"minecraft:iron_helmet":2,"minecraft:bone_meal":28,"minecraft:grass":3,"minecraft:golden_apple":1,"minecraft:bread":7,"minecraft:emerald":6,"minecraft:baked_potato":45,"minecraft:oak_sapling":5,"minecraft:oak_leaves":33,"minecraft:coal":243},"minecraft:killed":{"minecraft:cave_spider":7,"minecraft:spider":2,"minecraft:skeleton":4,"minecraft:chicken":6,"minecraft:turtle":2,"minecraft:pig":1,"minecraft:bat":1,"minecraft:creeper":4,"minecraft:sheep":1,"minecraft:pillager":1,"minecraft:zombie":8,"minecraft:cow":2},"minecraft:used":{"minecraft:oak_fence":11,"minecraft:peony":3,"minecraft:beetroot":1,"minecraft:jack_o_lantern":2,"minecraft:rose_bush":2,"minecraft:stone_sword":162,"minecraft:stone_shovel":274,"minecraft:redstone":21,"minecraft:chest":3,"minecraft:spruce_planks":160,"minecraft:shield":49,"minecraft:cooked_chicken":1,"minecraft:wooden_shovel":181,"minecraft:grass":3,"minecraft:stone_hoe":181,"minecraft:torch":149,"minecraft:brewing_stand":1,"minecraft:dirt":298,"minecraft:carrot":33,"minecraft:spruce_fence":6,"minecraft:honey_bottle":8,"minecraft:glass":4,"minecraft:wooden_axe":45,"minecraft:birch_sapling":3,"minecraft:barrel":4,"minecraft:bow":12,"minecraft:oak_sapling":2,"minecraft:furnace":11,"minecraft:cooked_cod":4,"minecraft:beetroot_seeds":27,"minecraft:egg":4,"minecraft:potato":62,"minecraft:cooked_beef":4,"minecraft:seagrass":2,"minecraft:pumpkin":1,"minecraft:wheat_seeds":822,"minecraft:cooked_mutton":1,"minecraft:water_bucket":7,"minecraft:diorite":7,"minecraft:cobblestone_stairs":80,"minecraft:spruce_door":2,"minecraft:snow_block":2,"minecraft:glass_bottle":23,"minecraft:stone_pickaxe":796,"minecraft:baked_potato":25,"minecraft:oak_planks":23,"minecraft:diamond_axe":32,"minecraft:wooden_pickaxe":56,"minecraft:birch_boat":3,"minecraft:composter":1,"minecraft:spruce_fence_gate":1,"minecraft:golden_apple":1,"minecraft:oak_leaves":33,"minecraft:salmon":3,"minecraft:crafting_table":13,"minecraft:red_bed":1,"minecraft:white_bed":1,"minecraft:spruce_log":35,"minecraft:shears":41,"minecraft:pumpkin_seeds":23,"minecraft:lightning_rod":8,"minecraft:oak_log":1,"minecraft:oxeye_daisy":1,"minecraft:bread":8,"minecraft:iron_pickaxe":183,"minecraft:spruce_pressure_plate":4,"minecraft:gravel":75,"minecraft:spruce_sapling":33,"minecraft:stone_axe":492,"minecraft:cobblestone":106,"minecraft:potion":1,"minecraft:poisonous_potato":1,"minecraft:bucket":8,"minecraft:pumpkin_pie":11,"minecraft:yellow_bed":3,"minecraft:oak_boat":5,"minecraft:dandelion":2,"minecraft:bone_meal":21,"minecraft:smooth_stone":1}},"DataVersion":3465}