{"stats":{"minecraft:custom":{"minecraft:interact_with_furnace":22,"minecraft:mob_kills":9,"minecraft:animals_bred":2,"minecraft:interact_with_crafting_table":26,"minecraft:leave_game":8,"minecraft:time_since_death":31582,"minecraft:sleep_in_bed":1,"minecraft:time_since_rest":18112,"minecraft:sprint_one_cm":275988,"minecraft:damage_taken":890,"minecraft:damage_blocked_by_shield":660,"minecraft:walk_one_cm":463610,"minecraft:drop":17,"minecraft:damage_dealt":1678,"minecraft:swim_one_cm":16710,"minecraft:fly_one_cm":37429,"minecraft:talked_to_villager":3,"minecraft:crouch_one_cm":1417,"minecraft:play_time":85200,"minecraft:deaths":2,"minecraft:sneak_time":232,"minecraft:walk_under_water_one_cm":9283,"minecraft:boat_one_cm":80864,"minecraft:jump":653,"minecraft:walk_on_water_one_cm":6944,"minecraft:total_world_time":85200,"minecraft:fall_one_cm":5340},"minecraft:killed_by":{"minecraft:spider":1,"minecraft:zombie":1},"minecraft:broken":{"minecraft:wooden_shovel":1},"minecraft:used":{"minecraft:cooked_mutton":1,"minecraft:wheat_seeds":9,"minecraft:diorite":5,"minecraft:rose_bush":2,"minecraft:spruce_door":2,"minecraft:snow_block":2,"minecraft:glass_bottle":3,"minecraft:stone_pickaxe":91,"minecraft:oak_planks":10,"minecraft:spruce_planks":14,"minecraft:wooden_pickaxe":56,"minecraft:birch_boat":3,"minecraft:shield":13,"minecraft:wooden_shovel":152,"minecraft:grass":3,"minecraft:oak_leaves":12,"minecraft:torch":19,"minecraft:dirt":42,"minecraft:carrot":6,"minecraft:crafting_table":6,"minecraft:shears":19,"minecraft:pumpkin_seeds":4,"minecraft:honey_bottle":6,"minecraft:wooden_axe":45,"minecraft:oxeye_daisy":1,"minecraft:birch_sapling":3,"minecraft:spruce_sapling":2,"minecraft:stone_axe":149,"minecraft:cobblestone":16,"minecraft:oak_sapling":2,"minecraft:furnace":4,"minecraft:dandelion":2,"minecraft:yellow_bed":2,"minecraft:oak_boat":5,"minecraft:egg":4,"minecraft:cooked_beef":4,"minecraft:pumpkin":1,"minecraft:bone_meal":8},"minecraft:mined":{"minecraft:brown_mushroom":12,"minecraft:snow_block":2,"minecraft:dandelion":2,"minecraft:crafting_table":2,"minecraft:grass_block":30,"minecraft:rose_bush":5,"minecraft:copper_ore":8,"minecraft:tall_grass":8,"minecraft:cobblestone":4,"minecraft:spruce_leaves":47,"minecraft:sugar_cane":3,"minecraft:oxeye_daisy":1,"minecraft:diorite":6,"minecraft:large_fern":8,"minecraft:furnace":2,"minecraft:carrots":2,"minecraft:birch_log":13,"minecraft:iron_ore":2,"minecraft:snow":16,"minecraft:spruce_log":60,"minecraft:birch_leaves":2,"minecraft:andesite":4,"minecraft:pumpkin":5,"minecraft:yellow_bed":2,"minecraft:peony":2,"minecraft:grass":135,"minecraft:coal_ore":53,"minecraft:oak_log":25,"minecraft:sand":25,"minecraft:dirt":131,"minecraft:packed_ice":8,"minecraft:stone":37,"minecraft:oak_leaves":28,"minecraft:fern":3},"minecraft:crafted":{"minecraft:cooked_beef":4,"minecraft:sugar":4,"minecraft:red_dye":2,"minecraft:glass_bottle":3,"minecraft:oak_planks":100,"minecraft:wooden_shovel":3,"minecraft:crafting_table":5,"minecraft:spruce_planks":20,"minecraft:birch_boat":1,"minecraft:wooden_pickaxe":3,"minecraft:bowl":4,"minecraft:spruce_door":3,"minecraft:furnace":2,"minecraft:bone_meal":9,"minecraft:birch_planks":52,"minecraft:pumpkin_seeds":4,"minecraft:stone_axe":1,"minecraft:cooked_mutton":1,"minecraft:glass":25,"minecraft:oak_boat":1,"minecraft:stick":56,"minecraft:iron_ingot":2,"minecraft:stone_pickaxe":1,"minecraft:wooden_axe":4,"minecraft:snow_block":6,"minecraft:torch":36,"minecraft:shears":1},"minecraft:dropped":{"minecraft:dirt":13,"minecraft:wooden_axe":1,"minecraft:string":3},"minecraft:killed":{"minecraft:spider":1,"minecraft:sheep":1,"minecraft:skeleton":2,"minecraft:turtle":2,"minecraft:cow":2},"minecraft:picked_up":{"minecraft:birch_log":13,"minecraft:seagrass":2,"minecraft:crafting_table":2,"minecraft:andesite":6,"minecraft:salmon":3,"minecraft:leather":4,"minecraft:brown_mushroom":24,"minecraft:birch_planks":2,"minecraft:oak_log":25,"minecraft:yellow_bed":2,"minecraft:shield":2,"minecraft:string":3,"minecraft:dirt":196,"minecraft:raw_copper":64,"minecraft:glass":16,"minecraft:bone":6,"minecraft:beetroot":1,"minecraft:wheat_seeds":23,"minecraft:iron_ingot":2,"minecraft:beef":4,"minecraft:stone_pickaxe":1,"minecraft:oak_boat":5,"minecraft:rose_bush":3,"minecraft:glass_bottle":1,"minecraft:sugar_cane":4,"minecraft:birch_sapling":3,"minecraft:oak_planks":19,"minecraft:furnace":2,"minecraft:egg":10,"minecraft:stick":16,"minecraft:raw_iron":2,"minecraft:birch_boat":3,"minecraft:pumpkin":5,"minecraft:dandelion":2,"minecraft:sand":25,"minecraft:spruce_sapling":3,"minecraft:diorite":8,"minecraft:spruce_log":59,"minecraft:carrot":6,"minecraft:spider_eye":1,"minecraft:arrow":2,"minecraft:honey_bottle":2,"minecraft:stone_axe":1,"minecraft:peony":1,"minecraft:grass":3,"minecraft:oak_sapling":2,"minecraft:mutton":1,"minecraft:oak_leaves":12,"minecraft:coal":52,"minecraft:snowball":24,"minecraft:white_wool":9,"minecraft:cobblestone":40,"minecraft:oxeye_daisy":1}},"DataVersion":3465}