{"stats":{"minecraft:crafted":{"minecraft:smooth_stone":81,"minecraft:oak_planks":112,"minecraft:barrel":2,"minecraft:cooked_chicken":5,"minecraft:birch_boat":1,"minecraft:lightning_rod":8,"minecraft:stone":81,"minecraft:cobblestone_stairs":88,"minecraft:cooked_mutton":1,"minecraft:spruce_pressure_plate":4,"minecraft:glass":25,"minecraft:bow":1,"minecraft:iron_boots":1,"minecraft:chest":2,"minecraft:stone_hoe":1,"minecraft:oak_fence":6,"minecraft:glass_bottle":15,"minecraft:oak_slab":12,"minecraft:wooden_shovel":3,"minecraft:emerald":14,"minecraft:arrow":28,"minecraft:cooked_porkchop":3,"minecraft:diamond_axe":1,"minecraft:crafting_table":13,"minecraft:spruce_planks":292,"minecraft:iron_helmet":1,"minecraft:wooden_pickaxe":3,"minecraft:baked_potato":63,"minecraft:spruce_door":3,"minecraft:red_wool":7,"minecraft:copper_ingot":112,"minecraft:birch_planks":52,"minecraft:pumpkin_seeds":12,"minecraft:campfire":5,"minecraft:iron_chestplate":2,"minecraft:shield":2,"minecraft:stick":188,"minecraft:iron_ingot":161,"minecraft:iron_pickaxe":2,"minecraft:stone_sword":2,"minecraft:snow_block":11,"minecraft:gold_ingot":1,"minecraft:composter":1,"minecraft:spruce_fence_gate":1,"minecraft:shears":2,"minecraft:golden_carrot":1,"minecraft:stone_shovel":2,"minecraft:fishing_rod":1,"minecraft:smooth_stone_slab":6,"minecraft:beehive":2,"minecraft:leather_leggings":1,"minecraft:furnace":9,"minecraft:jack_o_lantern":2,"minecraft:bone_meal":9,"minecraft:spruce_fence":6,"minecraft:stone_pickaxe":7,"minecraft:honey_block":2,"minecraft:lead":14,"minecraft:cooked_beef":4,"minecraft:sugar":59,"minecraft:red_dye":7,"minecraft:bowl":4,"minecraft:red_bed":1,"minecraft:bucket":1,"minecraft:stone_axe":4,"minecraft:bread":55,"minecraft:oak_boat":1,"minecraft:gold_nugget":9,"minecraft:wooden_axe":4,"minecraft:iron_shovel":1,"minecraft:iron_leggings":1,"minecraft:armor_stand":1,"minecraft:white_bed":1,"minecraft:pumpkin_pie":33,"minecraft:torch":324},"minecraft:dropped":{"minecraft:baked_potato":44,"minecraft:dirt":18,"minecraft:seagrass":4,"minecraft:pumpkin_pie":1,"minecraft:gold_nugget":1,"minecraft:bone_meal":10,"minecraft:stone_axe":1,"minecraft:rotten_flesh":1,"minecraft:oak_planks":1,"minecraft:leather_boots":1,"minecraft:egg":16,"minecraft:water_bucket":1,"minecraft:golden_boots":1,"minecraft:bread":10,"minecraft:oak_slab":1,"minecraft:wheat_seeds":79,"minecraft:poisonous_potato":1,"minecraft:oak_fence":2,"minecraft:diorite":1,"minecraft:wooden_axe":1,"minecraft:string":3,"minecraft:shears":1,"minecraft:peony":1,"minecraft:oak_sapling":3,"minecraft:spider_eye":1,"minecraft:bow":2},"minecraft:custom":{"minecraft:animals_bred":127,"minecraft:interact_with_crafting_table":111,"minecraft:open_barrel":42,"minecraft:leave_game":20,"minecraft:time_since_death":189359,"minecraft:sprint_one_cm":1474936,"minecraft:damage_blocked_by_shield":5595,"minecraft:drop":120,"minecraft:talked_to_villager":27,"minecraft:play_time":578007,"minecraft:deaths":7,"minecraft:jump":3474,"minecraft:interact_with_brewingstand":2,"minecraft:walk_on_water_one_cm":61059,"minecraft:interact_with_furnace":109,"minecraft:traded_with_villager":15,"minecraft:sleep_in_bed":24,"minecraft:damage_dealt":17356,"minecraft:crouch_one_cm":4034,"minecraft:horse_one_cm":589,"minecraft:mob_kills":145,"minecraft:interact_with_campfire":5,"minecraft:climb_one_cm":1552,"minecraft:walk_one_cm":2804462,"minecraft:sneak_time":2843,"minecraft:walk_under_water_one_cm":19417,"minecraft:boat_one_cm":80864,"minecraft:total_world_time":578007,"minecraft:time_since_rest":16204,"minecraft:damage_taken":5982,"minecraft:damage_absorbed":40,"minecraft:swim_one_cm":32697,"minecraft:fly_one_cm":183984,"minecraft:open_chest":42,"minecraft:fall_one_cm":22470},"minecraft:broken":{"minecraft:wooden_shovel":2,"minecraft:stone_pickaxe":6,"minecraft:stone_axe":3,"minecraft:stone_shovel":2,"minecraft:stone_sword":2,"minecraft:stone_hoe":1,"minecraft:shield":1,"minecraft:iron_pickaxe":1},"minecraft:mined":{"minecraft:spruce_planks":14,"minecraft:cobblestone_stairs":4,"minecraft:brewing_stand":1,"minecraft:carved_pumpkin":2,"minecraft:granite":9,"minecraft:grass_block":134,"minecraft:oxeye_daisy":2,"minecraft:spawner":1,"minecraft:smooth_stone":1,"minecraft:iron_ore":159,"minecraft:barrel":2,"minecraft:pumpkin":48,"minecraft:dirt_path":1,"minecraft:oak_stairs":1,"minecraft:deepslate_redstone_ore":10,"minecraft:brown_mushroom":13,"minecraft:torch":18,"minecraft:poppy":2,"minecraft:chest":1,"minecraft:cobblestone":11,"minecraft:sugar_cane":38,"minecraft:oak_planks":58,"minecraft:wall_torch":7,"minecraft:chain":4,"minecraft:birch_log":13,"minecraft:wheat":522,"minecraft:grass":626,"minecraft:oak_log":29,"minecraft:beetroots":27,"minecraft:sand":25,"minecraft:dirt":383,"minecraft:oak_leaves":57,"minecraft:deepslate":42,"minecraft:diamond_ore":5,"minecraft:tuff":26,"minecraft:spruce_fence":1,"minecraft:redstone_wire":11,"minecraft:spruce_leaves":106,"minecraft:large_fern":13,"minecraft:furnace":3,"minecraft:carrots":29,"minecraft:snow":39,"minecraft:andesite":8,"minecraft:peony":12,"minecraft:potatoes":62,"minecraft:deepslate_iron_ore":29,"minecraft:rail":34,"minecraft:packed_ice":8,"minecraft:stone":578,"minecraft:podzol":28,"minecraft:snow_block":2,"minecraft:dandelion":32,"minecraft:oak_fence":18,"minecraft:crafting_table":6,"minecraft:cornflower":2,"minecraft:rose_bush":7,"minecraft:tall_grass":39,"minecraft:copper_ore":34,"minecraft:lapis_ore":3,"minecraft:deepslate_gold_ore":7,"minecraft:diorite":48,"minecraft:beehive":1,"minecraft:spruce_log":244,"minecraft:birch_leaves":2,"minecraft:yellow_bed":3,"minecraft:coal_ore":230,"minecraft:gravel":35,"minecraft:cobweb":93,"minecraft:gold_ore":1,"minecraft:fern":3},"minecraft:killed_by":{"minecraft:cave_spider":3,"minecraft:zombie":1,"minecraft:spider":1,"minecraft:skeleton":2},"minecraft:picked_up":{"minecraft:seagrass":6,"minecraft:iron_chestplate":1,"minecraft:wheat":496,"minecraft:oak_stairs":1,"minecraft:potion":1,"minecraft:brewing_stand":1,"minecraft:string":196,"minecraft:raw_copper":245,"minecraft:beetroot":28,"minecraft:activator_rail":9,"minecraft:cobbled_deepslate":42,"minecraft:gold_nugget":1,"minecraft:smooth_stone":1,"minecraft:bucket":1,"minecraft:spruce_planks":169,"minecraft:rose_bush":5,"minecraft:iron_pickaxe":5,"minecraft:furnace":5,"minecraft:beehive":1,"minecraft:stick":87,"minecraft:oak_fence":25,"minecraft:torch":83,"minecraft:porkchop":3,"minecraft:diorite":109,"minecraft:stone_sword":5,"minecraft:rotten_flesh":63,"minecraft:honey_bottle":8,"minecraft:carved_pumpkin":2,"minecraft:snowball":47,"minecraft:cobblestone":972,"minecraft:birch_log":13,"minecraft:feather":24,"minecraft:andesite":12,"minecraft:potato":190,"minecraft:flint":15,"minecraft:tuff":26,"minecraft:lapis_lazuli":14,"minecraft:dirt":766,"minecraft:leather_boots":6,"minecraft:glass":16,"minecraft:bone":25,"minecraft:bow":6,"minecraft:wheat_seeds":1489,"minecraft:raw_gold":8,"minecraft:oak_planks":134,"minecraft:honeycomb":6,"minecraft:poisonous_potato":2,"minecraft:sand":25,"minecraft:barrel":2,"minecraft:sugar":68,"minecraft:diamond":15,"minecraft:grass":3,"minecraft:bone_meal":37,"minecraft:golden_apple":1,"minecraft:bread":7,"minecraft:emerald":6,"minecraft:oak_sapling":5,"minecraft:oak_leaves":33,"minecraft:crafting_table":9,"minecraft:chicken":21,"minecraft:leather_leggings":2,"minecraft:brown_mushroom":25,"minecraft:chain":3,"minecraft:shield":6,"minecraft:cornflower":2,"minecraft:beef":4,"minecraft:oak_boat":5,"minecraft:poppy":2,"minecraft:sugar_cane":59,"minecraft:chest":1,"minecraft:birch_sapling":3,"minecraft:egg":222,"minecraft:raw_iron":190,"minecraft:copper_ingot":16,"minecraft:spruce_fence":1,"minecraft:carrot":264,"minecraft:redstone":93,"minecraft:arrow":21,"minecraft:cooked_cod":4,"minecraft:beetroot_seeds":71,"minecraft:pumpkin_pie":27,"minecraft:peony":11,"minecraft:gold_ingot":6,"minecraft:mutton":1,"minecraft:white_wool":19,"minecraft:rail":117,"minecraft:oxeye_daisy":2,"minecraft:salmon":3,"minecraft:leather":4,"minecraft:birch_planks":2,"minecraft:oak_log":29,"minecraft:lily_pad":1,"minecraft:golden_boots":1,"minecraft:yellow_bed":3,"minecraft:gunpowder":23,"minecraft:cobblestone_stairs":40,"minecraft:iron_ingot":65,"minecraft:stone_pickaxe":5,"minecraft:cooked_chicken":4,"minecraft:glass_bottle":5,"minecraft:birch_boat":3,"minecraft:pumpkin":51,"minecraft:dandelion":32,"minecraft:gravel":292,"minecraft:spruce_sapling":33,"minecraft:spruce_log":235,"minecraft:spider_eye":16,"minecraft:pumpkin_seeds":11,"minecraft:slime_ball":13,"minecraft:stone_axe":4,"minecraft:iron_helmet":2,"minecraft:baked_potato":47,"minecraft:coal":306},"minecraft:killed":{"minecraft:cave_spider":7,"minecraft:spider":4,"minecraft:skeleton":15,"minecraft:chicken":24,"minecraft:turtle":2,"minecraft:pig":1,"minecraft:creeper":14,"minecraft:sheep":1,"minecraft:pillager":1,"minecraft:zombie":52,"minecraft:cow":2,"minecraft:slime":17,"minecraft:bat":2},"minecraft:used":{"minecraft:peony":9,"minecraft:beetroot":1,"minecraft:jack_o_lantern":2,"minecraft:iron_shovel":108,"minecraft:poppy":1,"minecraft:chest":3,"minecraft:shield":86,"minecraft:grass":3,"minecraft:iron_chestplate":1,"minecraft:carrot":76,"minecraft:beehive":3,"minecraft:honey_bottle":10,"minecraft:glass":4,"minecraft:birch_sapling":3,"minecraft:bow":54,"minecraft:furnace":12,"minecraft:oak_sapling":2,"minecraft:cooked_cod":4,"minecraft:beetroot_seeds":27,"minecraft:egg":171,"minecraft:potato":62,"minecraft:seagrass":2,"minecraft:diorite":7,"minecraft:spruce_door":2,"minecraft:stone_pickaxe":796,"minecraft:oak_planks":23,"minecraft:wooden_pickaxe":56,"minecraft:composter":1,"minecraft:diamond_axe":252,"minecraft:oak_leaves":33,"minecraft:golden_apple":1,"minecraft:shears":45,"minecraft:pumpkin_seeds":23,"minecraft:lightning_rod":8,"minecraft:bread":8,"minecraft:gravel":121,"minecraft:poisonous_potato":1,"minecraft:oak_boat":5,"minecraft:bone_meal":21,"minecraft:oak_fence":11,"minecraft:rose_bush":2,"minecraft:stone_sword":222,"minecraft:armor_stand":1,"minecraft:stone_shovel":274,"minecraft:redstone":21,"minecraft:spruce_planks":170,"minecraft:wooden_shovel":181,"minecraft:stone_hoe":181,"minecraft:cooked_chicken":7,"minecraft:torch":298,"minecraft:brewing_stand":1,"minecraft:dirt":342,"minecraft:spruce_fence":6,"minecraft:wooden_axe":45,"minecraft:barrel":4,"minecraft:golden_carrot":1,"minecraft:cooked_beef":4,"minecraft:pumpkin":1,"minecraft:wheat_seeds":977,"minecraft:cooked_mutton":1,"minecraft:water_bucket":7,"minecraft:cobblestone_stairs":80,"minecraft:snow_block":2,"minecraft:glass_bottle":24,"minecraft:baked_potato":27,"minecraft:birch_boat":3,"minecraft:spruce_fence_gate":1,"minecraft:salmon":3,"minecraft:crafting_table":17,"minecraft:red_bed":1,"minecraft:white_bed":1,"minecraft:campfire":5,"minecraft:spruce_log":35,"minecraft:oak_log":1,"minecraft:cornflower":2,"minecraft:oxeye_daisy":2,"minecraft:iron_pickaxe":478,"minecraft:spruce_pressure_plate":4,"minecraft:spruce_sapling":33,"minecraft:stone_axe":492,"minecraft:cobblestone":131,"minecraft:potion":1,"minecraft:cooked_porkchop":3,"minecraft:bucket":8,"minecraft:yellow_bed":3,"minecraft:pumpkin_pie":23,"minecraft:dandelion":30,"minecraft:smooth_stone":1}},"DataVersion":3465}