{"stats":{"minecraft:crafted":{"minecraft:oak_planks":112,"minecraft:stone_shovel":2,"minecraft:birch_boat":1,"minecraft:furnace":2,"minecraft:cobblestone_stairs":8,"minecraft:jack_o_lantern":1,"minecraft:bone_meal":9,"minecraft:cooked_mutton":1,"minecraft:glass":25,"minecraft:stone_pickaxe":2,"minecraft:chest":1,"minecraft:honey_block":1,"minecraft:stone_hoe":1,"minecraft:oak_fence":3,"minecraft:cooked_beef":4,"minecraft:sugar":27,"minecraft:red_dye":7,"minecraft:glass_bottle":3,"minecraft:wooden_shovel":3,"minecraft:crafting_table":6,"minecraft:spruce_planks":184,"minecraft:wooden_pickaxe":3,"minecraft:baked_potato":63,"minecraft:spruce_door":3,"minecraft:bowl":4,"minecraft:red_bed":1,"minecraft:red_wool":7,"minecraft:copper_ingot":32,"minecraft:pumpkin_seeds":12,"minecraft:birch_planks":52,"minecraft:stone_axe":3,"minecraft:bread":17,"minecraft:oak_boat":1,"minecraft:stick":68,"minecraft:iron_ingot":2,"minecraft:wooden_axe":4,"minecraft:snow_block":11,"minecraft:white_bed":1,"minecraft:pumpkin_pie":5,"minecraft:torch":84,"minecraft:shears":1},"minecraft:killed_by":{"minecraft:spider":1,"minecraft:zombie":1},"minecraft:dropped":{"minecraft:water_bucket":1,"minecraft:bread":10,"minecraft:baked_potato":33,"minecraft:dirt":13,"minecraft:wooden_axe":1,"minecraft:seagrass":4,"minecraft:pumpkin_pie":1,"minecraft:string":3,"minecraft:stone_axe":1,"minecraft:spider_eye":1},"minecraft:picked_up":{"minecraft:seagrass":6,"minecraft:crafting_table":3,"minecraft:wheat":59,"minecraft:brown_mushroom":25,"minecraft:potion":1,"minecraft:shield":2,"minecraft:string":3,"minecraft:raw_copper":64,"minecraft:beetroot":1,"minecraft:bucket":1,"minecraft:spruce_planks":2,"minecraft:beef":4,"minecraft:oak_boat":5,"minecraft:rose_bush":5,"minecraft:poppy":1,"minecraft:sugar_cane":27,"minecraft:birch_sapling":3,"minecraft:egg":12,"minecraft:furnace":2,"minecraft:stick":22,"minecraft:raw_iron":2,"minecraft:diorite":9,"minecraft:carrot":6,"minecraft:rotten_flesh":3,"minecraft:arrow":4,"minecraft:honey_bottle":2,"minecraft:cooked_cod":4,"minecraft:peony":3,"minecraft:carved_pumpkin":2,"minecraft:mutton":1,"minecraft:snowball":47,"minecraft:white_wool":15,"minecraft:cobblestone":131,"minecraft:oxeye_daisy":1,"minecraft:birch_log":13,"minecraft:andesite":6,"minecraft:salmon":3,"minecraft:leather":4,"minecraft:potato":98,"minecraft:birch_planks":2,"minecraft:oak_log":29,"minecraft:lily_pad":1,"minecraft:yellow_bed":3,"minecraft:gunpowder":2,"minecraft:cobblestone_stairs":1,"minecraft:lapis_lazuli":14,"minecraft:dirt":423,"minecraft:leather_boots":1,"minecraft:glass":16,"minecraft:bone":7,"minecraft:wheat_seeds":246,"minecraft:iron_ingot":2,"minecraft:stone_pickaxe":1,"minecraft:glass_bottle":1,"minecraft:oak_planks":20,"minecraft:birch_boat":3,"minecraft:pumpkin":18,"minecraft:dandelion":2,"minecraft:poisonous_potato":1,"minecraft:sand":25,"minecraft:spruce_sapling":31,"minecraft:spruce_log":215,"minecraft:spider_eye":2,"minecraft:pumpkin_seeds":11,"minecraft:stone_axe":2,"minecraft:bone_meal":2,"minecraft:grass":3,"minecraft:oak_sapling":5,"minecraft:coal":52,"minecraft:oak_leaves":31},"minecraft:used":{"minecraft:oak_fence":2,"minecraft:peony":3,"minecraft:beetroot":1,"minecraft:jack_o_lantern":1,"minecraft:rose_bush":2,"minecraft:stone_shovel":274,"minecraft:chest":1,"minecraft:spruce_planks":92,"minecraft:shield":32,"minecraft:wooden_shovel":181,"minecraft:grass":3,"minecraft:stone_hoe":170,"minecraft:torch":32,"minecraft:dirt":222,"minecraft:carrot":6,"minecraft:honey_bottle":6,"minecraft:glass":4,"minecraft:wooden_axe":45,"minecraft:birch_sapling":3,"minecraft:oak_sapling":2,"minecraft:furnace":4,"minecraft:cooked_cod":4,"minecraft:egg":4,"minecraft:potato":35,"minecraft:cooked_beef":4,"minecraft:seagrass":2,"minecraft:pumpkin":1,"minecraft:wheat_seeds":225,"minecraft:cooked_mutton":1,"minecraft:water_bucket":7,"minecraft:diorite":6,"minecraft:cobblestone_stairs":9,"minecraft:spruce_door":2,"minecraft:snow_block":2,"minecraft:glass_bottle":10,"minecraft:stone_pickaxe":205,"minecraft:oak_planks":10,"minecraft:wooden_pickaxe":56,"minecraft:birch_boat":3,"minecraft:oak_leaves":31,"minecraft:salmon":3,"minecraft:crafting_table":8,"minecraft:red_bed":1,"minecraft:white_bed":1,"minecraft:shears":41,"minecraft:spruce_log":35,"minecraft:pumpkin_seeds":23,"minecraft:oak_log":1,"minecraft:oxeye_daisy":1,"minecraft:bread":4,"minecraft:spruce_sapling":31,"minecraft:stone_axe":342,"minecraft:cobblestone":16,"minecraft:potion":1,"minecraft:bucket":8,"minecraft:poisonous_potato":1,"minecraft:pumpkin_pie":2,"minecraft:yellow_bed":3,"minecraft:oak_boat":5,"minecraft:dandelion":2,"minecraft:bone_meal":9},"minecraft:killed":{"minecraft:spider":1,"minecraft:skeleton":3,"minecraft:turtle":2,"minecraft:creeper":2,"minecraft:sheep":1,"minecraft:pillager":1,"minecraft:zombie":2,"minecraft:cow":2},"minecraft:broken":{"minecraft:wooden_shovel":2,"minecraft:stone_axe":2,"minecraft:stone_shovel":2},"minecraft:mined":{"minecraft:spruce_planks":2,"minecraft:cobblestone_stairs":1,"minecraft:carved_pumpkin":2,"minecraft:grass_block":61,"minecraft:spruce_leaves":76,"minecraft:oxeye_daisy":1,"minecraft:large_fern":13,"minecraft:furnace":2,"minecraft:carrots":2,"minecraft:iron_ore":2,"minecraft:snow":39,"minecraft:andesite":5,"minecraft:pumpkin":18,"minecraft:peony":4,"minecraft:potatoes":35,"minecraft:dirt_path":1,"minecraft:packed_ice":8,"minecraft:stone":130,"minecraft:podzol":28,"minecraft:brown_mushroom":13,"minecraft:snow_block":2,"minecraft:dandelion":2,"minecraft:crafting_table":3,"minecraft:poppy":1,"minecraft:rose_bush":7,"minecraft:tall_grass":10,"minecraft:copper_ore":8,"minecraft:cobblestone":4,"minecraft:lapis_ore":3,"minecraft:sugar_cane":22,"minecraft:oak_planks":2,"minecraft:diorite":7,"minecraft:birch_log":13,"minecraft:wheat":77,"minecraft:spruce_log":224,"minecraft:birch_leaves":2,"minecraft:yellow_bed":3,"minecraft:grass":417,"minecraft:oak_log":29,"minecraft:coal_ore":53,"minecraft:sand":25,"minecraft:dirt":305,"minecraft:oak_leaves":52,"minecraft:fern":3},"minecraft:custom":{"minecraft:mob_kills":16,"minecraft:animals_bred":3,"minecraft:interact_with_crafting_table":45,"minecraft:leave_game":12,"minecraft:time_since_death":149968,"minecraft:sprint_one_cm":549015,"minecraft:walk_one_cm":1006305,"minecraft:damage_blocked_by_shield":1725,"minecraft:drop":67,"minecraft:talked_to_villager":4,"minecraft:play_time":203586,"minecraft:deaths":2,"minecraft:sneak_time":555,"minecraft:walk_under_water_one_cm":10701,"minecraft:boat_one_cm":80864,"minecraft:jump":1186,"minecraft:walk_on_water_one_cm":11003,"minecraft:total_world_time":203586,"minecraft:interact_with_furnace":31,"minecraft:sleep_in_bed":6,"minecraft:time_since_rest":10841,"minecraft:damage_taken":1150,"minecraft:damage_dealt":2964,"minecraft:swim_one_cm":23586,"minecraft:fly_one_cm":68415,"minecraft:open_chest":3,"minecraft:crouch_one_cm":1990,"minecraft:fall_one_cm":7097}},"DataVersion":3465}