{"stats":{"minecraft:crafted":{"minecraft:oak_planks":112,"minecraft:stone_shovel":2,"minecraft:barrel":2,"minecraft:fishing_rod":1,"minecraft:birch_boat":1,"minecraft:lightning_rod":8,"minecraft:furnace":4,"minecraft:cobblestone_stairs":88,"minecraft:jack_o_lantern":2,"minecraft:bone_meal":9,"minecraft:spruce_fence":6,"minecraft:spruce_pressure_plate":4,"minecraft:cooked_mutton":1,"minecraft:glass":25,"minecraft:bow":1,"minecraft:stone_pickaxe":7,"minecraft:chest":2,"minecraft:honey_block":2,"minecraft:stone_hoe":1,"minecraft:oak_fence":6,"minecraft:cooked_beef":4,"minecraft:sugar":27,"minecraft:red_dye":7,"minecraft:glass_bottle":3,"minecraft:oak_slab":12,"minecraft:wooden_shovel":3,"minecraft:arrow":4,"minecraft:emerald":4,"minecraft:crafting_table":8,"minecraft:spruce_planks":220,"minecraft:iron_helmet":1,"minecraft:wooden_pickaxe":3,"minecraft:baked_potato":63,"minecraft:bowl":4,"minecraft:spruce_door":3,"minecraft:red_bed":1,"minecraft:red_wool":7,"minecraft:copper_ingot":112,"minecraft:birch_planks":52,"minecraft:pumpkin_seeds":12,"minecraft:stone_axe":4,"minecraft:bread":55,"minecraft:oak_boat":1,"minecraft:stick":100,"minecraft:iron_ingot":8,"minecraft:iron_pickaxe":1,"minecraft:wooden_axe":4,"minecraft:stone_sword":1,"minecraft:snow_block":11,"minecraft:white_bed":1,"minecraft:pumpkin_pie":16,"minecraft:composter":1,"minecraft:spruce_fence_gate":1,"minecraft:torch":84,"minecraft:shears":1},"minecraft:killed_by":{"minecraft:spider":1,"minecraft:cave_spider":3,"minecraft:zombie":1},"minecraft:dropped":{"minecraft:water_bucket":1,"minecraft:bread":10,"minecraft:wheat_seeds":68,"minecraft:baked_potato":44,"minecraft:oak_fence":2,"minecraft:dirt":13,"minecraft:wooden_axe":1,"minecraft:seagrass":4,"minecraft:pumpkin_pie":1,"minecraft:string":3,"minecraft:stone_axe":1,"minecraft:shears":1,"minecraft:spider_eye":1},"minecraft:picked_up":{"minecraft:seagrass":6,"minecraft:crafting_table":7,"minecraft:wheat":291,"minecraft:chicken":3,"minecraft:brown_mushroom":25,"minecraft:oak_stairs":1,"minecraft:potion":1,"minecraft:brewing_stand":1,"minecraft:shield":5,"minecraft:string":146,"minecraft:raw_copper":228,"minecraft:beetroot":1,"minecraft:activator_rail":9,"minecraft:smooth_stone":1,"minecraft:bucket":1,"minecraft:spruce_planks":163,"minecraft:beef":4,"minecraft:oak_boat":5,"minecraft:rose_bush":5,"minecraft:poppy":1,"minecraft:iron_pickaxe":3,"minecraft:sugar_cane":27,"minecraft:chest":1,"minecraft:birch_sapling":3,"minecraft:furnace":5,"minecraft:egg":30,"minecraft:stick":76,"minecraft:raw_iron":12,"minecraft:copper_ingot":16,"minecraft:oak_fence":14,"minecraft:torch":74,"minecraft:spruce_fence":1,"minecraft:diorite":104,"minecraft:carrot":6,"minecraft:redstone":48,"minecraft:stone_sword":3,"minecraft:arrow":4,"minecraft:honey_bottle":8,"minecraft:rotten_flesh":3,"minecraft:cooked_cod":4,"minecraft:pumpkin_pie":9,"minecraft:peony":3,"minecraft:carved_pumpkin":2,"minecraft:gold_ingot":2,"minecraft:mutton":1,"minecraft:cobblestone":763,"minecraft:rail":108,"minecraft:snowball":47,"minecraft:white_wool":15,"minecraft:oxeye_daisy":1,"minecraft:birch_log":13,"minecraft:feather":3,"minecraft:andesite":9,"minecraft:salmon":3,"minecraft:leather":4,"minecraft:potato":98,"minecraft:birch_planks":2,"minecraft:flint":1,"minecraft:oak_log":29,"minecraft:lily_pad":1,"minecraft:yellow_bed":3,"minecraft:gunpowder":10,"minecraft:cobblestone_stairs":40,"minecraft:lapis_lazuli":14,"minecraft:dirt":718,"minecraft:leather_boots":4,"minecraft:glass":16,"minecraft:bone":7,"minecraft:wheat_seeds":926,"minecraft:cooked_chicken":1,"minecraft:iron_ingot":3,"minecraft:stone_pickaxe":5,"minecraft:glass_bottle":5,"minecraft:oak_planks":115,"minecraft:birch_boat":3,"minecraft:pumpkin":29,"minecraft:dandelion":2,"minecraft:poisonous_potato":1,"minecraft:gravel":132,"minecraft:sand":25,"minecraft:spruce_sapling":33,"minecraft:spruce_log":224,"minecraft:barrel":2,"minecraft:spider_eye":16,"minecraft:pumpkin_seeds":11,"minecraft:sugar":68,"minecraft:stone_axe":4,"minecraft:grass":3,"minecraft:bone_meal":25,"minecraft:emerald":6,"minecraft:bread":7,"minecraft:baked_potato":45,"minecraft:oak_sapling":5,"minecraft:oak_leaves":33,"minecraft:coal":179},"minecraft:used":{"minecraft:oak_fence":11,"minecraft:peony":3,"minecraft:beetroot":1,"minecraft:jack_o_lantern":2,"minecraft:rose_bush":2,"minecraft:stone_sword":90,"minecraft:redstone":21,"minecraft:stone_shovel":274,"minecraft:chest":2,"minecraft:spruce_planks":160,"minecraft:shield":38,"minecraft:wooden_shovel":181,"minecraft:grass":3,"minecraft:stone_hoe":181,"minecraft:torch":83,"minecraft:brewing_stand":1,"minecraft:dirt":298,"minecraft:carrot":6,"minecraft:spruce_fence":6,"minecraft:honey_bottle":8,"minecraft:glass":4,"minecraft:wooden_axe":45,"minecraft:birch_sapling":3,"minecraft:barrel":4,"minecraft:oak_sapling":2,"minecraft:furnace":7,"minecraft:cooked_cod":4,"minecraft:egg":4,"minecraft:potato":35,"minecraft:cooked_beef":4,"minecraft:seagrass":2,"minecraft:pumpkin":1,"minecraft:wheat_seeds":661,"minecraft:cooked_mutton":1,"minecraft:water_bucket":7,"minecraft:diorite":6,"minecraft:cobblestone_stairs":80,"minecraft:spruce_door":2,"minecraft:snow_block":2,"minecraft:glass_bottle":13,"minecraft:stone_pickaxe":672,"minecraft:baked_potato":23,"minecraft:oak_planks":23,"minecraft:composter":1,"minecraft:wooden_pickaxe":56,"minecraft:birch_boat":3,"minecraft:spruce_fence_gate":1,"minecraft:oak_leaves":33,"minecraft:salmon":3,"minecraft:crafting_table":11,"minecraft:red_bed":1,"minecraft:white_bed":1,"minecraft:spruce_log":35,"minecraft:shears":41,"minecraft:pumpkin_seeds":23,"minecraft:lightning_rod":8,"minecraft:oak_log":1,"minecraft:oxeye_daisy":1,"minecraft:bread":8,"minecraft:iron_pickaxe":8,"minecraft:spruce_pressure_plate":4,"minecraft:gravel":66,"minecraft:spruce_sapling":33,"minecraft:stone_axe":465,"minecraft:cobblestone":45,"minecraft:potion":1,"minecraft:poisonous_potato":1,"minecraft:bucket":8,"minecraft:pumpkin_pie":2,"minecraft:yellow_bed":3,"minecraft:oak_boat":5,"minecraft:smooth_stone":1,"minecraft:dandelion":2,"minecraft:bone_meal":21},"minecraft:killed":{"minecraft:cave_spider":7,"minecraft:spider":1,"minecraft:skeleton":3,"minecraft:chicken":3,"minecraft:turtle":2,"minecraft:creeper":2,"minecraft:sheep":1,"minecraft:pillager":1,"minecraft:zombie":2,"minecraft:cow":2},"minecraft:broken":{"minecraft:wooden_shovel":2,"minecraft:stone_hoe":1,"minecraft:stone_pickaxe":5,"minecraft:stone_axe":3,"minecraft:stone_shovel":2},"minecraft:mined":{"minecraft:spruce_planks":8,"minecraft:cobblestone_stairs":4,"minecraft:brewing_stand":1,"minecraft:carved_pumpkin":2,"minecraft:spruce_fence":1,"minecraft:grass_block":88,"minecraft:redstone_wire":11,"minecraft:spruce_leaves":80,"minecraft:oxeye_daisy":1,"minecraft:large_fern":13,"minecraft:smooth_stone":1,"minecraft:furnace":3,"minecraft:carrots":2,"minecraft:iron_ore":8,"minecraft:barrel":2,"minecraft:snow":39,"minecraft:andesite":5,"minecraft:pumpkin":26,"minecraft:peony":4,"minecraft:potatoes":35,"minecraft:dirt_path":1,"minecraft:rail":25,"minecraft:oak_stairs":1,"minecraft:packed_ice":8,"minecraft:stone":443,"minecraft:podzol":28,"minecraft:brown_mushroom":13,"minecraft:snow_block":2,"minecraft:dandelion":2,"minecraft:oak_fence":9,"minecraft:crafting_table":4,"minecraft:torch":11,"minecraft:poppy":1,"minecraft:chest":1,"minecraft:rose_bush":7,"minecraft:copper_ore":30,"minecraft:tall_grass":20,"minecraft:cobblestone":5,"minecraft:lapis_ore":3,"minecraft:oak_planks":39,"minecraft:sugar_cane":22,"minecraft:diorite":47,"minecraft:wall_torch":5,"minecraft:birch_log":13,"minecraft:wheat":309,"minecraft:spruce_log":233,"minecraft:birch_leaves":2,"minecraft:yellow_bed":3,"minecraft:grass":535,"minecraft:oak_log":29,"minecraft:coal_ore":99,"minecraft:gravel":18,"minecraft:sand":25,"minecraft:dirt":380,"minecraft:cobweb":45,"minecraft:oak_leaves":52,"minecraft:fern":3},"minecraft:custom":{"minecraft:mob_kills":26,"minecraft:animals_bred":15,"minecraft:interact_with_crafting_table":70,"minecraft:open_barrel":11,"minecraft:leave_game":16,"minecraft:time_since_death":73372,"minecraft:climb_one_cm":1552,"minecraft:sprint_one_cm":895823,"minecraft:walk_one_cm":1595237,"minecraft:damage_blocked_by_shield":2100,"minecraft:drop":82,"minecraft:talked_to_villager":21,"minecraft:play_time":340465,"minecraft:sneak_time":1166,"minecraft:deaths":5,"minecraft:walk_under_water_one_cm":10701,"minecraft:boat_one_cm":80864,"minecraft:jump":1730,"minecraft:walk_on_water_one_cm":12038,"minecraft:total_world_time":340465,"minecraft:interact_with_furnace":52,"minecraft:traded_with_villager":4,"minecraft:sleep_in_bed":14,"minecraft:time_since_rest":7885,"minecraft:damage_taken":2859,"minecraft:damage_dealt":4302,"minecraft:swim_one_cm":23586,"minecraft:fly_one_cm":105622,"minecraft:open_chest":22,"minecraft:crouch_one_cm":2615,"minecraft:fall_one_cm":11607}},"DataVersion":3465}